{
  "frame_index": 42,
  "ticks": 639105525090819790,
  "version": 3,
  "pose": {
    "position": [
      -0.09009860455989838,
      1.207838773727417,
      0.288470596075058
    ],
    "rotation_xyzw": [
      -0.046190161257982254,
      -0.1435759961605072,
      0.10929690301418304,
      0.9825002551078796
    ]
  },
  "intrinsics": {
    "fx": 448.1328430175781,
    "fy": 432.1939392089844,
    "cx": 640.0,
    "cy": 480.0
  },
  "intrinsics_source": "estimated",
  "distortion": {
    "k1": 0.0,
    "k2": 0.0,
    "p1": 0.0,
    "p2": 0.0,
    "k3": 0.0
  },
  "rgb": {
    "width": 1280,
    "height": 960,
    "byte_len": 4915200,
    "format": "RGBA32 raw bytes"
  },
  "depth": {
    "count": 204800,
    "byte_len": 819200,
    "format": "float32 meters (little-endian)"
  }
}