{
  "frame_index": 23,
  "ticks": 639105524811236420,
  "version": 3,
  "pose": {
    "position": [
      -0.0662790983915329,
      0.946524977684021,
      0.6658090353012085
    ],
    "rotation_xyzw": [
      0.45947593450546265,
      -0.03044820763170719,
      0.04453636705875397,
      0.8865503072738647
    ]
  },
  "intrinsics": {
    "fx": 448.1328430175781,
    "fy": 432.1939392089844,
    "cx": 640.0,
    "cy": 480.0
  },
  "intrinsics_source": "estimated",
  "distortion": {
    "k1": 0.0,
    "k2": 0.0,
    "p1": 0.0,
    "p2": 0.0,
    "k3": 0.0
  },
  "rgb": {
    "width": 1280,
    "height": 960,
    "byte_len": 4915200,
    "format": "RGBA32 raw bytes"
  },
  "depth": {
    "count": 204800,
    "byte_len": 819200,
    "format": "float32 meters (little-endian)"
  }
}