{
  "frame_index": 58,
  "ticks": 639105525324847610,
  "version": 3,
  "pose": {
    "position": [
      -0.0909549817442894,
      1.214673638343811,
      0.4499897360801697
    ],
    "rotation_xyzw": [
      -0.000981096993200481,
      -0.09736349433660507,
      0.05637021362781525,
      0.9936507940292358
    ]
  },
  "intrinsics": {
    "fx": 448.1328430175781,
    "fy": 432.1939392089844,
    "cx": 640.0,
    "cy": 480.0
  },
  "intrinsics_source": "estimated",
  "distortion": {
    "k1": 0.0,
    "k2": 0.0,
    "p1": 0.0,
    "p2": 0.0,
    "k3": 0.0
  },
  "rgb": {
    "width": 1280,
    "height": 960,
    "byte_len": 4915200,
    "format": "RGBA32 raw bytes"
  },
  "depth": {
    "count": 204800,
    "byte_len": 819200,
    "format": "float32 meters (little-endian)"
  }
}