{
  "frame_index": 34,
  "ticks": 639105524970819750,
  "version": 3,
  "pose": {
    "position": [
      -0.09279830753803253,
      1.19780695438385,
      0.29429593682289124
    ],
    "rotation_xyzw": [
      0.016870349645614624,
      -0.10505904257297516,
      0.05943813547492027,
      0.9925447106361389
    ]
  },
  "intrinsics": {
    "fx": 448.1328430175781,
    "fy": 432.1939392089844,
    "cx": 640.0,
    "cy": 480.0
  },
  "intrinsics_source": "estimated",
  "distortion": {
    "k1": 0.0,
    "k2": 0.0,
    "p1": 0.0,
    "p2": 0.0,
    "k3": 0.0
  },
  "rgb": {
    "width": 1280,
    "height": 960,
    "byte_len": 4915200,
    "format": "RGBA32 raw bytes"
  },
  "depth": {
    "count": 204800,
    "byte_len": 819200,
    "format": "float32 meters (little-endian)"
  }
}