{
  "frame_index": 32,
  "ticks": 639105524935958630,
  "version": 3,
  "pose": {
    "position": [
      -0.07904767990112305,
      1.1977044343948364,
      0.27818435430526733
    ],
    "rotation_xyzw": [
      0.021795861423015594,
      -0.056175075471401215,
      0.032568395137786865,
      0.9976515769958496
    ]
  },
  "intrinsics": {
    "fx": 448.1328430175781,
    "fy": 432.1939392089844,
    "cx": 640.0,
    "cy": 480.0
  },
  "intrinsics_source": "estimated",
  "distortion": {
    "k1": 0.0,
    "k2": 0.0,
    "p1": 0.0,
    "p2": 0.0,
    "k3": 0.0
  },
  "rgb": {
    "width": 1280,
    "height": 960,
    "byte_len": 4915200,
    "format": "RGBA32 raw bytes"
  },
  "depth": {
    "count": 204800,
    "byte_len": 819200,
    "format": "float32 meters (little-endian)"
  }
}