{
  "frame_index": 8,
  "ticks": 639105524563875280,
  "version": 3,
  "pose": {
    "position": [
      -0.011881977319717407,
      1.146031141281128,
      0.17118507623672485
    ],
    "rotation_xyzw": [
      0.1417316347360611,
      -0.013620658777654171,
      -0.00513120274990797,
      0.9897981882095337
    ]
  },
  "intrinsics": {
    "fx": 448.1328430175781,
    "fy": 432.1939392089844,
    "cx": 640.0,
    "cy": 480.0
  },
  "intrinsics_source": "estimated",
  "distortion": {
    "k1": 0.0,
    "k2": 0.0,
    "p1": 0.0,
    "p2": 0.0,
    "k3": 0.0
  },
  "rgb": {
    "width": 1280,
    "height": 960,
    "byte_len": 4915200,
    "format": "RGBA32 raw bytes"
  },
  "depth": {
    "count": 204800,
    "byte_len": 819200,
    "format": "float32 meters (little-endian)"
  }
}