{
  "frame_index": 45,
  "ticks": 639105525130819810,
  "version": 3,
  "pose": {
    "position": [
      -0.08588437736034393,
      1.2087972164154053,
      0.2620939314365387
    ],
    "rotation_xyzw": [
      -0.054864346981048584,
      -0.12902528047561646,
      0.1087183803319931,
      0.9841355085372925
    ]
  },
  "intrinsics": {
    "fx": 448.1328430175781,
    "fy": 432.1939392089844,
    "cx": 640.0,
    "cy": 480.0
  },
  "intrinsics_source": "estimated",
  "distortion": {
    "k1": 0.0,
    "k2": 0.0,
    "p1": 0.0,
    "p2": 0.0,
    "k3": 0.0
  },
  "rgb": {
    "width": 1280,
    "height": 960,
    "byte_len": 4915200,
    "format": "RGBA32 raw bytes"
  },
  "depth": {
    "count": 204800,
    "byte_len": 819200,
    "format": "float32 meters (little-endian)"
  }
}