{
  "frame_index": 18,
  "ticks": 639105524716514180,
  "version": 3,
  "pose": {
    "position": [
      -0.061287593096494675,
      0.9691135287284851,
      0.6642870306968689
    ],
    "rotation_xyzw": [
      0.42312753200531006,
      -0.02666240744292736,
      0.039003562182188034,
      0.9048374891281128
    ]
  },
  "intrinsics": {
    "fx": 448.1328430175781,
    "fy": 432.1939392089844,
    "cx": 640.0,
    "cy": 480.0
  },
  "intrinsics_source": "estimated",
  "distortion": {
    "k1": 0.0,
    "k2": 0.0,
    "p1": 0.0,
    "p2": 0.0,
    "k3": 0.0
  },
  "rgb": {
    "width": 1280,
    "height": 960,
    "byte_len": 4915200,
    "format": "RGBA32 raw bytes"
  },
  "depth": {
    "count": 204800,
    "byte_len": 819200,
    "format": "float32 meters (little-endian)"
  }
}