{
  "frame_index": 15,
  "ticks": 639105524669014150,
  "version": 3,
  "pose": {
    "position": [
      -0.05004162713885307,
      0.9782052040100098,
      0.6602901220321655
    ],
    "rotation_xyzw": [
      0.4126169681549072,
      -0.008538194932043552,
      0.03500072658061981,
      0.9101918935775757
    ]
  },
  "intrinsics": {
    "fx": 448.1328430175781,
    "fy": 432.1939392089844,
    "cx": 640.0,
    "cy": 480.0
  },
  "intrinsics_source": "estimated",
  "distortion": {
    "k1": 0.0,
    "k2": 0.0,
    "p1": 0.0,
    "p2": 0.0,
    "k3": 0.0
  },
  "rgb": {
    "width": 1280,
    "height": 960,
    "byte_len": 4915200,
    "format": "RGBA32 raw bytes"
  },
  "depth": {
    "count": 204800,
    "byte_len": 819200,
    "format": "float32 meters (little-endian)"
  }
}