{
  "frame_index": 6,
  "ticks": 639105524539986380,
  "version": 3,
  "pose": {
    "position": [
      -0.10375209897756577,
      1.1778626441955566,
      -0.11110899597406387
    ],
    "rotation_xyzw": [
      0.05228424817323685,
      0.2871461510658264,
      -0.018466047942638397,
      0.956280529499054
    ]
  },
  "intrinsics": {
    "fx": 448.1328430175781,
    "fy": 432.1939392089844,
    "cx": 640.0,
    "cy": 480.0
  },
  "intrinsics_source": "estimated",
  "distortion": {
    "k1": 0.0,
    "k2": 0.0,
    "p1": 0.0,
    "p2": 0.0,
    "k3": 0.0
  },
  "rgb": {
    "width": 1280,
    "height": 960,
    "byte_len": 4915200,
    "format": "RGBA32 raw bytes"
  },
  "depth": {
    "count": 204800,
    "byte_len": 819200,
    "format": "float32 meters (little-endian)"
  }
}