{
  "frame_index": 25,
  "ticks": 639105524836653110,
  "version": 3,
  "pose": {
    "position": [
      -0.06493113934993744,
      0.9498058557510376,
      0.6653079390525818
    ],
    "rotation_xyzw": [
      0.4535941779613495,
      -0.030183758586645126,
      0.04187664017081261,
      0.8897122144699097
    ]
  },
  "intrinsics": {
    "fx": 448.1328430175781,
    "fy": 432.1939392089844,
    "cx": 640.0,
    "cy": 480.0
  },
  "intrinsics_source": "estimated",
  "distortion": {
    "k1": 0.0,
    "k2": 0.0,
    "p1": 0.0,
    "p2": 0.0,
    "k3": 0.0
  },
  "rgb": {
    "width": 1280,
    "height": 960,
    "byte_len": 4915200,
    "format": "RGBA32 raw bytes"
  },
  "depth": {
    "count": 204800,
    "byte_len": 819200,
    "format": "float32 meters (little-endian)"
  }
}