{
  "frame_index": 1,
  "ticks": 639105524487209790,
  "version": 3,
  "pose": {
    "position": [
      -0.11083869636058807,
      1.1812306642532349,
      -0.10758288204669952
    ],
    "rotation_xyzw": [
      0.04815837740898132,
      0.27158674597740173,
      -0.016176484525203705,
      0.9610722064971924
    ]
  },
  "intrinsics": {
    "fx": 0.0,
    "fy": 0.0,
    "cx": 0.0,
    "cy": 0.0
  },
  "intrinsics_source": "unknown",
  "distortion": {
    "k1": 0.0,
    "k2": 0.0,
    "p1": 0.0,
    "p2": 0.0,
    "k3": 0.0
  },
  "rgb": {
    "width": 1280,
    "height": 960,
    "byte_len": 4915200,
    "format": "RGBA32 raw bytes"
  },
  "depth": {
    "count": 0,
    "byte_len": 0,
    "format": "float32 meters (little-endian)"
  }
}