{
  "frame_index": 56,
  "ticks": 639105525295125370,
  "version": 3,
  "pose": {
    "position": [
      -0.08815234154462814,
      1.2063970565795898,
      0.48921364545822144
    ],
    "rotation_xyzw": [
      0.022466858848929405,
      -0.07429390400648117,
      0.05308254435658455,
      0.9955691695213318
    ]
  },
  "intrinsics": {
    "fx": 448.1328430175781,
    "fy": 432.1939392089844,
    "cx": 640.0,
    "cy": 480.0
  },
  "intrinsics_source": "estimated",
  "distortion": {
    "k1": 0.0,
    "k2": 0.0,
    "p1": 0.0,
    "p2": 0.0,
    "k3": 0.0
  },
  "rgb": {
    "width": 1280,
    "height": 960,
    "byte_len": 4915200,
    "format": "RGBA32 raw bytes"
  },
  "depth": {
    "count": 204800,
    "byte_len": 819200,
    "format": "float32 meters (little-endian)"
  }
}