{
  "frame_index": 3,
  "ticks": 639105524503597470,
  "version": 3,
  "pose": {
    "position": [
      -0.11170925945043564,
      1.1798441410064697,
      -0.1088658943772316
    ],
    "rotation_xyzw": [
      0.04785555973649025,
      0.27150246500968933,
      -0.017074674367904663,
      0.9610956907272339
    ]
  },
  "intrinsics": {
    "fx": 448.1328430175781,
    "fy": 432.1939392089844,
    "cx": 640.0,
    "cy": 480.0
  },
  "intrinsics_source": "estimated",
  "distortion": {
    "k1": 0.0,
    "k2": 0.0,
    "p1": 0.0,
    "p2": 0.0,
    "k3": 0.0
  },
  "rgb": {
    "width": 1280,
    "height": 960,
    "byte_len": 4915200,
    "format": "RGBA32 raw bytes"
  },
  "depth": {
    "count": 204800,
    "byte_len": 819200,
    "format": "float32 meters (little-endian)"
  }
}