{
  "frame_index": 22,
  "ticks": 639105524796236420,
  "version": 3,
  "pose": {
    "position": [
      -0.06593756377696991,
      0.9556130766868591,
      0.6620649695396423
    ],
    "rotation_xyzw": [
      0.4470382332801819,
      -0.03147023916244507,
      0.043278127908706665,
      0.8929129242897034
    ]
  },
  "intrinsics": {
    "fx": 448.1328430175781,
    "fy": 432.1939392089844,
    "cx": 640.0,
    "cy": 480.0
  },
  "intrinsics_source": "estimated",
  "distortion": {
    "k1": 0.0,
    "k2": 0.0,
    "p1": 0.0,
    "p2": 0.0,
    "k3": 0.0
  },
  "rgb": {
    "width": 1280,
    "height": 960,
    "byte_len": 4915200,
    "format": "RGBA32 raw bytes"
  },
  "depth": {
    "count": 204800,
    "byte_len": 819200,
    "format": "float32 meters (little-endian)"
  }
}