{
  "frame_index": 51,
  "ticks": 639105525216653660,
  "version": 3,
  "pose": {
    "position": [
      -0.05188655108213425,
      1.2069263458251953,
      0.5184625387191772
    ],
    "rotation_xyzw": [
      0.02790098637342453,
      -0.019049668684601784,
      0.03156763315200806,
      0.9989305138587952
    ]
  },
  "intrinsics": {
    "fx": 448.1328430175781,
    "fy": 432.1939392089844,
    "cx": 640.0,
    "cy": 480.0
  },
  "intrinsics_source": "estimated",
  "distortion": {
    "k1": 0.0,
    "k2": 0.0,
    "p1": 0.0,
    "p2": 0.0,
    "k3": 0.0
  },
  "rgb": {
    "width": 1280,
    "height": 960,
    "byte_len": 4915200,
    "format": "RGBA32 raw bytes"
  },
  "depth": {
    "count": 204800,
    "byte_len": 819200,
    "format": "float32 meters (little-endian)"
  }
}