{
  "frame_index": 26,
  "ticks": 639105524848042010,
  "version": 3,
  "pose": {
    "position": [
      -0.06196342781186104,
      0.9767221808433533,
      0.6463534235954285
    ],
    "rotation_xyzw": [
      0.4285581409931183,
      -0.026023991405963898,
      0.03914261981844902,
      0.9022907614707947
    ]
  },
  "intrinsics": {
    "fx": 448.1328430175781,
    "fy": 432.1939392089844,
    "cx": 640.0,
    "cy": 480.0
  },
  "intrinsics_source": "estimated",
  "distortion": {
    "k1": 0.0,
    "k2": 0.0,
    "p1": 0.0,
    "p2": 0.0,
    "k3": 0.0
  },
  "rgb": {
    "width": 1280,
    "height": 960,
    "byte_len": 4915200,
    "format": "RGBA32 raw bytes"
  },
  "depth": {
    "count": 204800,
    "byte_len": 819200,
    "format": "float32 meters (little-endian)"
  }
}