{
  "frame_index": 33,
  "ticks": 639105524952764230,
  "version": 3,
  "pose": {
    "position": [
      -0.0858825296163559,
      1.1974576711654663,
      0.2891930937767029
    ],
    "rotation_xyzw": [
      0.023238882422447205,
      -0.08286990225315094,
      0.04428080469369888,
      0.9953048825263977
    ]
  },
  "intrinsics": {
    "fx": 448.1328430175781,
    "fy": 432.1939392089844,
    "cx": 640.0,
    "cy": 480.0
  },
  "intrinsics_source": "estimated",
  "distortion": {
    "k1": 0.0,
    "k2": 0.0,
    "p1": 0.0,
    "p2": 0.0,
    "k3": 0.0
  },
  "rgb": {
    "width": 1280,
    "height": 960,
    "byte_len": 4915200,
    "format": "RGBA32 raw bytes"
  },
  "depth": {
    "count": 204800,
    "byte_len": 819200,
    "format": "float32 meters (little-endian)"
  }
}