{
  "frame_index": 47,
  "ticks": 639105525158459340,
  "version": 3,
  "pose": {
    "position": [
      -0.030564934015274048,
      1.2061378955841064,
      0.09575735032558441
    ],
    "rotation_xyzw": [
      0.024020446464419365,
      0.021679554134607315,
      0.034245651215314865,
      0.9988895654678345
    ]
  },
  "intrinsics": {
    "fx": 448.1328430175781,
    "fy": 432.1939392089844,
    "cx": 640.0,
    "cy": 480.0
  },
  "intrinsics_source": "estimated",
  "distortion": {
    "k1": 0.0,
    "k2": 0.0,
    "p1": 0.0,
    "p2": 0.0,
    "k3": 0.0
  },
  "rgb": {
    "width": 1280,
    "height": 960,
    "byte_len": 4915200,
    "format": "RGBA32 raw bytes"
  },
  "depth": {
    "count": 204800,
    "byte_len": 819200,
    "format": "float32 meters (little-endian)"
  }
}