{
  "frame_index": 38,
  "ticks": 639105525035819770,
  "version": 3,
  "pose": {
    "position": [
      -0.10251308232545853,
      1.2101225852966309,
      0.30120036005973816
    ],
    "rotation_xyzw": [
      -0.06211180239915848,
      -0.19187095761299133,
      0.10705697536468506,
      0.9735843539237976
    ]
  },
  "intrinsics": {
    "fx": 448.1328430175781,
    "fy": 432.1939392089844,
    "cx": 640.0,
    "cy": 480.0
  },
  "intrinsics_source": "estimated",
  "distortion": {
    "k1": 0.0,
    "k2": 0.0,
    "p1": 0.0,
    "p2": 0.0,
    "k3": 0.0
  },
  "rgb": {
    "width": 1280,
    "height": 960,
    "byte_len": 4915200,
    "format": "RGBA32 raw bytes"
  },
  "depth": {
    "count": 204800,
    "byte_len": 819200,
    "format": "float32 meters (little-endian)"
  }
}