{
  "frame_index": 40,
  "ticks": 639105525064569790,
  "version": 3,
  "pose": {
    "position": [
      -0.09984152019023895,
      1.2089133262634277,
      0.28779977560043335
    ],
    "rotation_xyzw": [
      -0.06436998397111893,
      -0.17487110197544098,
      0.12017446756362915,
      0.9751075506210327
    ]
  },
  "intrinsics": {
    "fx": 448.1328430175781,
    "fy": 432.1939392089844,
    "cx": 640.0,
    "cy": 480.0
  },
  "intrinsics_source": "estimated",
  "distortion": {
    "k1": 0.0,
    "k2": 0.0,
    "p1": 0.0,
    "p2": 0.0,
    "k3": 0.0
  },
  "rgb": {
    "width": 1280,
    "height": 960,
    "byte_len": 4915200,
    "format": "RGBA32 raw bytes"
  },
  "depth": {
    "count": 204800,
    "byte_len": 819200,
    "format": "float32 meters (little-endian)"
  }
}