{
  "frame_index": 61,
  "ticks": 639105525373319840,
  "version": 3,
  "pose": {
    "position": [
      -0.08124742656946182,
      1.212921142578125,
      0.4483928978443146
    ],
    "rotation_xyzw": [
      0.007206430193036795,
      -0.07785586267709732,
      0.05411343276500702,
      0.99546879529953
    ]
  },
  "intrinsics": {
    "fx": 448.1328430175781,
    "fy": 432.1939392089844,
    "cx": 640.0,
    "cy": 480.0
  },
  "intrinsics_source": "estimated",
  "distortion": {
    "k1": 0.0,
    "k2": 0.0,
    "p1": 0.0,
    "p2": 0.0,
    "k3": 0.0
  },
  "rgb": {
    "width": 1280,
    "height": 960,
    "byte_len": 4915200,
    "format": "RGBA32 raw bytes"
  },
  "depth": {
    "count": 204800,
    "byte_len": 819200,
    "format": "float32 meters (little-endian)"
  }
}