{
  "frame_index": 20,
  "ticks": 639105524758180860,
  "version": 3,
  "pose": {
    "position": [
      -0.0618848092854023,
      0.9683791995048523,
      0.6597992181777954
    ],
    "rotation_xyzw": [
      0.42496979236602783,
      -0.023059971630573273,
      0.04284985363483429,
      0.9038986563682556
    ]
  },
  "intrinsics": {
    "fx": 448.1328430175781,
    "fy": 432.1939392089844,
    "cx": 640.0,
    "cy": 480.0
  },
  "intrinsics_source": "estimated",
  "distortion": {
    "k1": 0.0,
    "k2": 0.0,
    "p1": 0.0,
    "p2": 0.0,
    "k3": 0.0
  },
  "rgb": {
    "width": 1280,
    "height": 960,
    "byte_len": 4915200,
    "format": "RGBA32 raw bytes"
  },
  "depth": {
    "count": 204800,
    "byte_len": 819200,
    "format": "float32 meters (little-endian)"
  }
}