{
  "frame_index": 39,
  "ticks": 639105525048597530,
  "version": 3,
  "pose": {
    "position": [
      -0.1018548384308815,
      1.210314154624939,
      0.30108463764190674
    ],
    "rotation_xyzw": [
      -0.06380822509527206,
      -0.19505496323108673,
      0.10890910774469376,
      0.9726361036300659
    ]
  },
  "intrinsics": {
    "fx": 448.1328430175781,
    "fy": 432.1939392089844,
    "cx": 640.0,
    "cy": 480.0
  },
  "intrinsics_source": "estimated",
  "distortion": {
    "k1": 0.0,
    "k2": 0.0,
    "p1": 0.0,
    "p2": 0.0,
    "k3": 0.0
  },
  "rgb": {
    "width": 1280,
    "height": 960,
    "byte_len": 4915200,
    "format": "RGBA32 raw bytes"
  },
  "depth": {
    "count": 204800,
    "byte_len": 819200,
    "format": "float32 meters (little-endian)"
  }
}