{
  "frame_index": 36,
  "ticks": 639105525001930870,
  "version": 3,
  "pose": {
    "position": [
      -0.10429016500711441,
      1.1997332572937012,
      0.32210466265678406
    ],
    "rotation_xyzw": [
      -0.008626511320471764,
      -0.15331092476844788,
      0.09406180679798126,
      0.9836533069610596
    ]
  },
  "intrinsics": {
    "fx": 448.1328430175781,
    "fy": 432.1939392089844,
    "cx": 640.0,
    "cy": 480.0
  },
  "intrinsics_source": "estimated",
  "distortion": {
    "k1": 0.0,
    "k2": 0.0,
    "p1": 0.0,
    "p2": 0.0,
    "k3": 0.0
  },
  "rgb": {
    "width": 1280,
    "height": 960,
    "byte_len": 4915200,
    "format": "RGBA32 raw bytes"
  },
  "depth": {
    "count": 204800,
    "byte_len": 819200,
    "format": "float32 meters (little-endian)"
  }
}