{
  "frame_index": 49,
  "ticks": 639105525186930940,
  "version": 3,
  "pose": {
    "position": [
      -0.03036307543516159,
      1.1968261003494263,
      0.06439658254384995
    ],
    "rotation_xyzw": [
      0.03253889083862305,
      0.010576911270618439,
      0.0325540266931057,
      0.9988841414451599
    ]
  },
  "intrinsics": {
    "fx": 448.1328430175781,
    "fy": 432.1939392089844,
    "cx": 640.0,
    "cy": 480.0
  },
  "intrinsics_source": "estimated",
  "distortion": {
    "k1": 0.0,
    "k2": 0.0,
    "p1": 0.0,
    "p2": 0.0,
    "k3": 0.0
  },
  "rgb": {
    "width": 1280,
    "height": 960,
    "byte_len": 4915200,
    "format": "RGBA32 raw bytes"
  },
  "depth": {
    "count": 204800,
    "byte_len": 819200,
    "format": "float32 meters (little-endian)"
  }
}