{
  "frame_index": 11,
  "ticks": 639105524608458800,
  "version": 3,
  "pose": {
    "position": [
      -0.04062407836318016,
      1.0210576057434082,
      0.6354402303695679
    ],
    "rotation_xyzw": [
      0.3663037121295929,
      -0.0036325729452073574,
      0.018764760345220566,
      0.9302990436553955
    ]
  },
  "intrinsics": {
    "fx": 448.1328430175781,
    "fy": 432.1939392089844,
    "cx": 640.0,
    "cy": 480.0
  },
  "intrinsics_source": "estimated",
  "distortion": {
    "k1": 0.0,
    "k2": 0.0,
    "p1": 0.0,
    "p2": 0.0,
    "k3": 0.0
  },
  "rgb": {
    "width": 1280,
    "height": 960,
    "byte_len": 4915200,
    "format": "RGBA32 raw bytes"
  },
  "depth": {
    "count": 204800,
    "byte_len": 819200,
    "format": "float32 meters (little-endian)"
  }
}