{
  "frame_index": 5,
  "ticks": 639105524527486410,
  "version": 3,
  "pose": {
    "position": [
      -0.10212156921625137,
      1.1784569025039673,
      -0.11135800927877426
    ],
    "rotation_xyzw": [
      0.05197273939847946,
      0.28856655955314636,
      -0.018477588891983032,
      0.9558695554733276
    ]
  },
  "intrinsics": {
    "fx": 448.1328430175781,
    "fy": 432.1939392089844,
    "cx": 640.0,
    "cy": 480.0
  },
  "intrinsics_source": "estimated",
  "distortion": {
    "k1": 0.0,
    "k2": 0.0,
    "p1": 0.0,
    "p2": 0.0,
    "k3": 0.0
  },
  "rgb": {
    "width": 1280,
    "height": 960,
    "byte_len": 4915200,
    "format": "RGBA32 raw bytes"
  },
  "depth": {
    "count": 204800,
    "byte_len": 819200,
    "format": "float32 meters (little-endian)"
  }
}