{
  "frame_index": 43,
  "ticks": 639105525102625340,
  "version": 3,
  "pose": {
    "position": [
      -0.08710372447967529,
      1.207972526550293,
      0.2891058027744293
    ],
    "rotation_xyzw": [
      -0.044816166162490845,
      -0.13889814913272858,
      0.10594728589057922,
      0.9836025834083557
    ]
  },
  "intrinsics": {
    "fx": 448.1328430175781,
    "fy": 432.1939392089844,
    "cx": 640.0,
    "cy": 480.0
  },
  "intrinsics_source": "estimated",
  "distortion": {
    "k1": 0.0,
    "k2": 0.0,
    "p1": 0.0,
    "p2": 0.0,
    "k3": 0.0
  },
  "rgb": {
    "width": 1280,
    "height": 960,
    "byte_len": 4915200,
    "format": "RGBA32 raw bytes"
  },
  "depth": {
    "count": 204800,
    "byte_len": 819200,
    "format": "float32 meters (little-endian)"
  }
}