{
  "frame_index": 55,
  "ticks": 639105525276236510,
  "version": 3,
  "pose": {
    "position": [
      -0.08621248602867126,
      1.2056119441986084,
      0.4909631609916687
    ],
    "rotation_xyzw": [
      0.024935485795140266,
      -0.06417772173881531,
      0.051888324320316315,
      0.9962766766548157
    ]
  },
  "intrinsics": {
    "fx": 448.1328430175781,
    "fy": 432.1939392089844,
    "cx": 640.0,
    "cy": 480.0
  },
  "intrinsics_source": "estimated",
  "distortion": {
    "k1": 0.0,
    "k2": 0.0,
    "p1": 0.0,
    "p2": 0.0,
    "k3": 0.0
  },
  "rgb": {
    "width": 1280,
    "height": 960,
    "byte_len": 4915200,
    "format": "RGBA32 raw bytes"
  },
  "depth": {
    "count": 204800,
    "byte_len": 819200,
    "format": "float32 meters (little-endian)"
  }
}