{
  "frame_index": 14,
  "ticks": 639105524650541960,
  "version": 3,
  "pose": {
    "position": [
      -0.04530332237482071,
      0.9684607982635498,
      0.665565013885498
    ],
    "rotation_xyzw": [
      0.431474506855011,
      -0.0017769313417375088,
      0.023147914558649063,
      0.9018263816833496
    ]
  },
  "intrinsics": {
    "fx": 448.1328430175781,
    "fy": 432.1939392089844,
    "cx": 640.0,
    "cy": 480.0
  },
  "intrinsics_source": "estimated",
  "distortion": {
    "k1": 0.0,
    "k2": 0.0,
    "p1": 0.0,
    "p2": 0.0,
    "k3": 0.0
  },
  "rgb": {
    "width": 1280,
    "height": 960,
    "byte_len": 4915200,
    "format": "RGBA32 raw bytes"
  },
  "depth": {
    "count": 204800,
    "byte_len": 819200,
    "format": "float32 meters (little-endian)"
  }
}