{
  "frame_index": 52,
  "ticks": 639105525230542090,
  "version": 3,
  "pose": {
    "position": [
      -0.06345291435718536,
      1.205807089805603,
      0.5015268921852112
    ],
    "rotation_xyzw": [
      0.03204571083188057,
      -0.02974558062851429,
      0.0403493195772171,
      0.9982285499572754
    ]
  },
  "intrinsics": {
    "fx": 448.1328430175781,
    "fy": 432.1939392089844,
    "cx": 640.0,
    "cy": 480.0
  },
  "intrinsics_source": "estimated",
  "distortion": {
    "k1": 0.0,
    "k2": 0.0,
    "p1": 0.0,
    "p2": 0.0,
    "k3": 0.0
  },
  "rgb": {
    "width": 1280,
    "height": 960,
    "byte_len": 4915200,
    "format": "RGBA32 raw bytes"
  },
  "depth": {
    "count": 204800,
    "byte_len": 819200,
    "format": "float32 meters (little-endian)"
  }
}