{
  "frame_index": 13,
  "ticks": 639105524635125280,
  "version": 3,
  "pose": {
    "position": [
      -0.045243632048368454,
      0.9750846028327942,
      0.6615707874298096
    ],
    "rotation_xyzw": [
      0.4232840836048126,
      -0.0002019222010858357,
      0.021861625835299492,
      0.9057331681251526
    ]
  },
  "intrinsics": {
    "fx": 448.1328430175781,
    "fy": 432.1939392089844,
    "cx": 640.0,
    "cy": 480.0
  },
  "intrinsics_source": "estimated",
  "distortion": {
    "k1": 0.0,
    "k2": 0.0,
    "p1": 0.0,
    "p2": 0.0,
    "k3": 0.0
  },
  "rgb": {
    "width": 1280,
    "height": 960,
    "byte_len": 4915200,
    "format": "RGBA32 raw bytes"
  },
  "depth": {
    "count": 204800,
    "byte_len": 819200,
    "format": "float32 meters (little-endian)"
  }
}