{
  "frame_index": 44,
  "ticks": 639105525116930890,
  "version": 3,
  "pose": {
    "position": [
      -0.08675049245357513,
      1.2081972360610962,
      0.28835445642471313
    ],
    "rotation_xyzw": [
      -0.044499654322862625,
      -0.13604538142681122,
      0.1065470278263092,
      0.9839508533477783
    ]
  },
  "intrinsics": {
    "fx": 448.1328430175781,
    "fy": 432.1939392089844,
    "cx": 640.0,
    "cy": 480.0
  },
  "intrinsics_source": "estimated",
  "distortion": {
    "k1": 0.0,
    "k2": 0.0,
    "p1": 0.0,
    "p2": 0.0,
    "k3": 0.0
  },
  "rgb": {
    "width": 1280,
    "height": 960,
    "byte_len": 4915200,
    "format": "RGBA32 raw bytes"
  },
  "depth": {
    "count": 204800,
    "byte_len": 819200,
    "format": "float32 meters (little-endian)"
  }
}