{
  "frame_index": 57,
  "ticks": 639105525308875380,
  "version": 3,
  "pose": {
    "position": [
      -0.08825691044330597,
      1.2075151205062866,
      0.48054039478302
    ],
    "rotation_xyzw": [
      0.02251620776951313,
      -0.08116679638624191,
      0.05357998237013817,
      0.9950046539306641
    ]
  },
  "intrinsics": {
    "fx": 448.1328430175781,
    "fy": 432.1939392089844,
    "cx": 640.0,
    "cy": 480.0
  },
  "intrinsics_source": "estimated",
  "distortion": {
    "k1": 0.0,
    "k2": 0.0,
    "p1": 0.0,
    "p2": 0.0,
    "k3": 0.0
  },
  "rgb": {
    "width": 1280,
    "height": 960,
    "byte_len": 4915200,
    "format": "RGBA32 raw bytes"
  },
  "depth": {
    "count": 204800,
    "byte_len": 819200,
    "format": "float32 meters (little-endian)"
  }
}