{
  "frame_index": 48,
  "ticks": 639105525170681360,
  "version": 3,
  "pose": {
    "position": [
      -0.036483243107795715,
      1.1985372304916382,
      0.026207685470581055
    ],
    "rotation_xyzw": [
      0.031100362539291382,
      0.037887390702962875,
      0.031936805695295334,
      0.9982873201370239
    ]
  },
  "intrinsics": {
    "fx": 448.1328430175781,
    "fy": 432.1939392089844,
    "cx": 640.0,
    "cy": 480.0
  },
  "intrinsics_source": "estimated",
  "distortion": {
    "k1": 0.0,
    "k2": 0.0,
    "p1": 0.0,
    "p2": 0.0,
    "k3": 0.0
  },
  "rgb": {
    "width": 1280,
    "height": 960,
    "byte_len": 4915200,
    "format": "RGBA32 raw bytes"
  },
  "depth": {
    "count": 204800,
    "byte_len": 819200,
    "format": "float32 meters (little-endian)"
  }
}