{
  "frame_index": 7,
  "ticks": 639105524550264170,
  "version": 3,
  "pose": {
    "position": [
      -0.03239826858043671,
      1.1578582525253296,
      0.06335713714361191
    ],
    "rotation_xyzw": [
      0.055137258023023605,
      0.003546687075868249,
      -0.0029885200783610344,
      0.9984680414199829
    ]
  },
  "intrinsics": {
    "fx": 448.1328430175781,
    "fy": 432.1939392089844,
    "cx": 640.0,
    "cy": 480.0
  },
  "intrinsics_source": "estimated",
  "distortion": {
    "k1": 0.0,
    "k2": 0.0,
    "p1": 0.0,
    "p2": 0.0,
    "k3": 0.0
  },
  "rgb": {
    "width": 1280,
    "height": 960,
    "byte_len": 4915200,
    "format": "RGBA32 raw bytes"
  },
  "depth": {
    "count": 204800,
    "byte_len": 819200,
    "format": "float32 meters (little-endian)"
  }
}