{
  "frame_index": 19,
  "ticks": 639105524737486380,
  "version": 3,
  "pose": {
    "position": [
      -0.060699719935655594,
      0.9720707535743713,
      0.6595351696014404
    ],
    "rotation_xyzw": [
      0.4198221266269684,
      -0.025235041975975037,
      0.04044289514422417,
      0.9063536524772644
    ]
  },
  "intrinsics": {
    "fx": 448.1328430175781,
    "fy": 432.1939392089844,
    "cx": 640.0,
    "cy": 480.0
  },
  "intrinsics_source": "estimated",
  "distortion": {
    "k1": 0.0,
    "k2": 0.0,
    "p1": 0.0,
    "p2": 0.0,
    "k3": 0.0
  },
  "rgb": {
    "width": 1280,
    "height": 960,
    "byte_len": 4915200,
    "format": "RGBA32 raw bytes"
  },
  "depth": {
    "count": 204800,
    "byte_len": 819200,
    "format": "float32 meters (little-endian)"
  }
}