{
  "frame_index": 46,
  "ticks": 639105525144847590,
  "version": 3,
  "pose": {
    "position": [
      -0.05346612632274628,
      1.204430341720581,
      0.27595481276512146
    ],
    "rotation_xyzw": [
      0.002769547514617443,
      -0.05703389272093773,
      0.0630124881863594,
      0.9963778853416443
    ]
  },
  "intrinsics": {
    "fx": 448.1328430175781,
    "fy": 432.1939392089844,
    "cx": 640.0,
    "cy": 480.0
  },
  "intrinsics_source": "estimated",
  "distortion": {
    "k1": 0.0,
    "k2": 0.0,
    "p1": 0.0,
    "p2": 0.0,
    "k3": 0.0
  },
  "rgb": {
    "width": 1280,
    "height": 960,
    "byte_len": 4915200,
    "format": "RGBA32 raw bytes"
  },
  "depth": {
    "count": 204800,
    "byte_len": 819200,
    "format": "float32 meters (little-endian)"
  }
}