{
  "frame_index": 53,
  "ticks": 639105525246375390,
  "version": 3,
  "pose": {
    "position": [
      -0.06904717534780502,
      1.205733060836792,
      0.5038132667541504
    ],
    "rotation_xyzw": [
      0.029531003907322884,
      -0.032275378704071045,
      0.04309513792395592,
      0.9981127977371216
    ]
  },
  "intrinsics": {
    "fx": 448.1328430175781,
    "fy": 432.1939392089844,
    "cx": 640.0,
    "cy": 480.0
  },
  "intrinsics_source": "estimated",
  "distortion": {
    "k1": 0.0,
    "k2": 0.0,
    "p1": 0.0,
    "p2": 0.0,
    "k3": 0.0
  },
  "rgb": {
    "width": 1280,
    "height": 960,
    "byte_len": 4915200,
    "format": "RGBA32 raw bytes"
  },
  "depth": {
    "count": 204800,
    "byte_len": 819200,
    "format": "float32 meters (little-endian)"
  }
}