{
  "frame_index": 17,
  "ticks": 639105524701236420,
  "version": 3,
  "pose": {
    "position": [
      -0.060221023857593536,
      0.9720160961151123,
      0.66417396068573
    ],
    "rotation_xyzw": [
      0.417278915643692,
      -0.024233650416135788,
      0.03868908807635307,
      0.9076312184333801
    ]
  },
  "intrinsics": {
    "fx": 448.1328430175781,
    "fy": 432.1939392089844,
    "cx": 640.0,
    "cy": 480.0
  },
  "intrinsics_source": "estimated",
  "distortion": {
    "k1": 0.0,
    "k2": 0.0,
    "p1": 0.0,
    "p2": 0.0,
    "k3": 0.0
  },
  "rgb": {
    "width": 1280,
    "height": 960,
    "byte_len": 4915200,
    "format": "RGBA32 raw bytes"
  },
  "depth": {
    "count": 204800,
    "byte_len": 819200,
    "format": "float32 meters (little-endian)"
  }
}