{
  "frame_index": 59,
  "ticks": 639105525347764260,
  "version": 3,
  "pose": {
    "position": [
      -0.08758532255887985,
      1.2144771814346313,
      0.44747069478034973
    ],
    "rotation_xyzw": [
      0.0011806976981461048,
      -0.09330303966999054,
      0.0543808713555336,
      0.9941509366035461
    ]
  },
  "intrinsics": {
    "fx": 448.1328430175781,
    "fy": 432.1939392089844,
    "cx": 640.0,
    "cy": 480.0
  },
  "intrinsics_source": "estimated",
  "distortion": {
    "k1": 0.0,
    "k2": 0.0,
    "p1": 0.0,
    "p2": 0.0,
    "k3": 0.0
  },
  "rgb": {
    "width": 1280,
    "height": 960,
    "byte_len": 4915200,
    "format": "RGBA32 raw bytes"
  },
  "depth": {
    "count": 204800,
    "byte_len": 819200,
    "format": "float32 meters (little-endian)"
  }
}