{
  "frame_index": 27,
  "ticks": 639105524862069740,
  "version": 3,
  "pose": {
    "position": [
      -0.05382547155022621,
      1.1381866931915283,
      0.4821934700012207
    ],
    "rotation_xyzw": [
      0.17418022453784943,
      -0.015202310867607594,
      0.006915748119354248,
      0.9845722317695618
    ]
  },
  "intrinsics": {
    "fx": 448.1328430175781,
    "fy": 432.1939392089844,
    "cx": 640.0,
    "cy": 480.0
  },
  "intrinsics_source": "estimated",
  "distortion": {
    "k1": 0.0,
    "k2": 0.0,
    "p1": 0.0,
    "p2": 0.0,
    "k3": 0.0
  },
  "rgb": {
    "width": 1280,
    "height": 960,
    "byte_len": 4915200,
    "format": "RGBA32 raw bytes"
  },
  "depth": {
    "count": 204800,
    "byte_len": 819200,
    "format": "float32 meters (little-endian)"
  }
}