{
  "frame_index": 16,
  "ticks": 639105524687069740,
  "version": 3,
  "pose": {
    "position": [
      -0.05834336206316948,
      0.9740990400314331,
      0.6629571914672852
    ],
    "rotation_xyzw": [
      0.41525575518608093,
      -0.020699521526694298,
      0.03941766917705536,
      0.9086146950721741
    ]
  },
  "intrinsics": {
    "fx": 448.1328430175781,
    "fy": 432.1939392089844,
    "cx": 640.0,
    "cy": 480.0
  },
  "intrinsics_source": "estimated",
  "distortion": {
    "k1": 0.0,
    "k2": 0.0,
    "p1": 0.0,
    "p2": 0.0,
    "k3": 0.0
  },
  "rgb": {
    "width": 1280,
    "height": 960,
    "byte_len": 4915200,
    "format": "RGBA32 raw bytes"
  },
  "depth": {
    "count": 204800,
    "byte_len": 819200,
    "format": "float32 meters (little-endian)"
  }
}