{
  "frame_index": 24,
  "ticks": 639105524824430850,
  "version": 3,
  "pose": {
    "position": [
      -0.06552697718143463,
      0.950310468673706,
      0.6643771529197693
    ],
    "rotation_xyzw": [
      0.4540766179561615,
      -0.031174179166555405,
      0.04334245249629021,
      0.8893616795539856
    ]
  },
  "intrinsics": {
    "fx": 448.1328430175781,
    "fy": 432.1939392089844,
    "cx": 640.0,
    "cy": 480.0
  },
  "intrinsics_source": "estimated",
  "distortion": {
    "k1": 0.0,
    "k2": 0.0,
    "p1": 0.0,
    "p2": 0.0,
    "k3": 0.0
  },
  "rgb": {
    "width": 1280,
    "height": 960,
    "byte_len": 4915200,
    "format": "RGBA32 raw bytes"
  },
  "depth": {
    "count": 204800,
    "byte_len": 819200,
    "format": "float32 meters (little-endian)"
  }
}