{
  "frame_index": 21,
  "ticks": 639105524776930810,
  "version": 3,
  "pose": {
    "position": [
      -0.06635265052318573,
      0.9597947597503662,
      0.6609354019165039
    ],
    "rotation_xyzw": [
      0.4407496452331543,
      -0.03095352277159691,
      0.04432295262813568,
      0.8960006833076477
    ]
  },
  "intrinsics": {
    "fx": 448.1328430175781,
    "fy": 432.1939392089844,
    "cx": 640.0,
    "cy": 480.0
  },
  "intrinsics_source": "estimated",
  "distortion": {
    "k1": 0.0,
    "k2": 0.0,
    "p1": 0.0,
    "p2": 0.0,
    "k3": 0.0
  },
  "rgb": {
    "width": 1280,
    "height": 960,
    "byte_len": 4915200,
    "format": "RGBA32 raw bytes"
  },
  "depth": {
    "count": 204800,
    "byte_len": 819200,
    "format": "float32 meters (little-endian)"
  }
}