{
  "frame_index": 41,
  "ticks": 639105525077486500,
  "version": 3,
  "pose": {
    "position": [
      -0.094194196164608,
      1.2076489925384521,
      0.28594642877578735
    ],
    "rotation_xyzw": [
      -0.052674684673547745,
      -0.15417253971099854,
      0.11579205095767975,
      0.979820728302002
    ]
  },
  "intrinsics": {
    "fx": 448.1328430175781,
    "fy": 432.1939392089844,
    "cx": 640.0,
    "cy": 480.0
  },
  "intrinsics_source": "estimated",
  "distortion": {
    "k1": 0.0,
    "k2": 0.0,
    "p1": 0.0,
    "p2": 0.0,
    "k3": 0.0
  },
  "rgb": {
    "width": 1280,
    "height": 960,
    "byte_len": 4915200,
    "format": "RGBA32 raw bytes"
  },
  "depth": {
    "count": 204800,
    "byte_len": 819200,
    "format": "float32 meters (little-endian)"
  }
}