{
  "frame_index": 37,
  "ticks": 639105525018180860,
  "version": 3,
  "pose": {
    "position": [
      -0.10498185455799103,
      1.2025201320648193,
      0.31670501828193665
    ],
    "rotation_xyzw": [
      -0.023996319621801376,
      -0.1681213676929474,
      0.10276345908641815,
      0.9801015853881836
    ]
  },
  "intrinsics": {
    "fx": 448.1328430175781,
    "fy": 432.1939392089844,
    "cx": 640.0,
    "cy": 480.0
  },
  "intrinsics_source": "estimated",
  "distortion": {
    "k1": 0.0,
    "k2": 0.0,
    "p1": 0.0,
    "p2": 0.0,
    "k3": 0.0
  },
  "rgb": {
    "width": 1280,
    "height": 960,
    "byte_len": 4915200,
    "format": "RGBA32 raw bytes"
  },
  "depth": {
    "count": 204800,
    "byte_len": 819200,
    "format": "float32 meters (little-endian)"
  }
}