{
  "frame_index": 54,
  "ticks": 639105525259014250,
  "version": 3,
  "pose": {
    "position": [
      -0.08147364854812622,
      1.2063448429107666,
      0.49371474981307983
    ],
    "rotation_xyzw": [
      0.02434704266488552,
      -0.056160181760787964,
      0.04549866542220116,
      0.997087299823761
    ]
  },
  "intrinsics": {
    "fx": 448.1328430175781,
    "fy": 432.1939392089844,
    "cx": 640.0,
    "cy": 480.0
  },
  "intrinsics_source": "estimated",
  "distortion": {
    "k1": 0.0,
    "k2": 0.0,
    "p1": 0.0,
    "p2": 0.0,
    "k3": 0.0
  },
  "rgb": {
    "width": 1280,
    "height": 960,
    "byte_len": 4915200,
    "format": "RGBA32 raw bytes"
  },
  "depth": {
    "count": 204800,
    "byte_len": 819200,
    "format": "float32 meters (little-endian)"
  }
}