{
  "frame_index": 10,
  "ticks": 639105524593876000,
  "version": 3,
  "pose": {
    "position": [
      -0.03770039230585098,
      1.0228685140609741,
      0.627214789390564
    ],
    "rotation_xyzw": [
      0.3776681125164032,
      -0.026646867394447327,
      0.013355745933949947,
      0.9254611730575562
    ]
  },
  "intrinsics": {
    "fx": 448.1328430175781,
    "fy": 432.1939392089844,
    "cx": 640.0,
    "cy": 480.0
  },
  "intrinsics_source": "estimated",
  "distortion": {
    "k1": 0.0,
    "k2": 0.0,
    "p1": 0.0,
    "p2": 0.0,
    "k3": 0.0
  },
  "rgb": {
    "width": 1280,
    "height": 960,
    "byte_len": 4915200,
    "format": "RGBA32 raw bytes"
  },
  "depth": {
    "count": 204800,
    "byte_len": 819200,
    "format": "float32 meters (little-endian)"
  }
}