{
  "frame_index": 60,
  "ticks": 639105525359847620,
  "version": 3,
  "pose": {
    "position": [
      -0.0828532800078392,
      1.2136465311050415,
      0.4494231641292572
    ],
    "rotation_xyzw": [
      0.005991806276142597,
      -0.0848490372300148,
      0.05352068692445755,
      0.9949373602867126
    ]
  },
  "intrinsics": {
    "fx": 448.1328430175781,
    "fy": 432.1939392089844,
    "cx": 640.0,
    "cy": 480.0
  },
  "intrinsics_source": "estimated",
  "distortion": {
    "k1": 0.0,
    "k2": 0.0,
    "p1": 0.0,
    "p2": 0.0,
    "k3": 0.0
  },
  "rgb": {
    "width": 1280,
    "height": 960,
    "byte_len": 4915200,
    "format": "RGBA32 raw bytes"
  },
  "depth": {
    "count": 204800,
    "byte_len": 819200,
    "format": "float32 meters (little-endian)"
  }
}