{
  "frame_index": 32,
  "ticks": 639082426739335110,
  "version": 1,
  "pose": {
    "position": [
      -0.049766555428504944,
      -0.3325144350528717,
      -0.3251304030418396
    ],
    "rotation_xyzw": [
      0.22616225481033325,
      -0.3265489935874939,
      0.105488620698452,
      0.9116405248641968
    ]
  },
  "rgb": {
    "width": 320,
    "height": 240,
    "byte_len": 1228800,
    "format": "RGBA32 raw bytes"
  },
  "depth": {
    "count": 204800,
    "byte_len": 819200,
    "format": "float32 meters (little-endian)"
  }
}