{
  "frame_index": 43,
  "ticks": 639082426850029550,
  "version": 1,
  "pose": {
    "position": [
      -0.04819577932357788,
      -0.332814484834671,
      -0.3282715678215027
    ],
    "rotation_xyzw": [
      0.22384923696517944,
      -0.3265507221221924,
      0.10570855438709259,
      0.9121852517127991
    ]
  },
  "rgb": {
    "width": 320,
    "height": 240,
    "byte_len": 1228800,
    "format": "RGBA32 raw bytes"
  },
  "depth": {
    "count": 204800,
    "byte_len": 819200,
    "format": "float32 meters (little-endian)"
  }
}