{
  "frame_index": 64,
  "ticks": 639082427061696320,
  "version": 1,
  "pose": {
    "position": [
      -0.049410462379455566,
      -0.33039015531539917,
      -0.3312166929244995
    ],
    "rotation_xyzw": [
      0.21342907845973969,
      -0.33564886450767517,
      0.10200999677181244,
      0.9118013381958008
    ]
  },
  "rgb": {
    "width": 320,
    "height": 240,
    "byte_len": 1228800,
    "format": "RGBA32 raw bytes"
  },
  "depth": {
    "count": 204800,
    "byte_len": 819200,
    "format": "float32 meters (little-endian)"
  }
}