{
  "frame_index": 34,
  "ticks": 639082426759612890,
  "version": 1,
  "pose": {
    "position": [
      -0.04827544093132019,
      -0.33296725153923035,
      -0.3260136842727661
    ],
    "rotation_xyzw": [
      0.22710664570331573,
      -0.32519638538360596,
      0.10551715642213821,
      0.9118858575820923
    ]
  },
  "rgb": {
    "width": 320,
    "height": 240,
    "byte_len": 1228800,
    "format": "RGBA32 raw bytes"
  },
  "depth": {
    "count": 204800,
    "byte_len": 819200,
    "format": "float32 meters (little-endian)"
  }
}