{
  "frame_index": 94,
  "ticks": 639082427364057420,
  "version": 1,
  "pose": {
    "position": [
      -0.04751797020435333,
      -0.315879762172699,
      -0.3331665098667145
    ],
    "rotation_xyzw": [
      0.16601499915122986,
      -0.3048546314239502,
      0.09256888926029205,
      0.93323814868927
    ]
  },
  "rgb": {
    "width": 320,
    "height": 240,
    "byte_len": 1228800,
    "format": "RGBA32 raw bytes"
  },
  "depth": {
    "count": 204800,
    "byte_len": 819200,
    "format": "float32 meters (little-endian)"
  }
}