{
  "frame_index": 58,
  "ticks": 639082427001279600,
  "version": 1,
  "pose": {
    "position": [
      -0.048848316073417664,
      -0.33120638132095337,
      -0.32903632521629333
    ],
    "rotation_xyzw": [
      0.21934401988983154,
      -0.3288937211036682,
      0.10352139174938202,
      0.9126886129379272
    ]
  },
  "rgb": {
    "width": 320,
    "height": 240,
    "byte_len": 1228800,
    "format": "RGBA32 raw bytes"
  },
  "depth": {
    "count": 204800,
    "byte_len": 819200,
    "format": "float32 meters (little-endian)"
  }
}