{
  "frame_index": 56,
  "ticks": 639082426981140740,
  "version": 1,
  "pose": {
    "position": [
      -0.04716407507658005,
      -0.3307986259460449,
      -0.32891011238098145
    ],
    "rotation_xyzw": [
      0.2193497121334076,
      -0.3266444802284241,
      0.10304183512926102,
      0.9135488271713257
    ]
  },
  "rgb": {
    "width": 320,
    "height": 240,
    "byte_len": 1228800,
    "format": "RGBA32 raw bytes"
  },
  "depth": {
    "count": 204800,
    "byte_len": 819200,
    "format": "float32 meters (little-endian)"
  }
}