{
  "frame_index": 114,
  "ticks": 639082427565307460,
  "version": 1,
  "pose": {
    "position": [
      -0.05219940468668938,
      -0.31467318534851074,
      -0.3362191915512085
    ],
    "rotation_xyzw": [
      0.15736138820648193,
      -0.31567785143852234,
      0.08596375584602356,
      0.931769847869873
    ]
  },
  "rgb": {
    "width": 320,
    "height": 240,
    "byte_len": 1228800,
    "format": "RGBA32 raw bytes"
  },
  "depth": {
    "count": 204800,
    "byte_len": 819200,
    "format": "float32 meters (little-endian)"
  }
}