{
  "frame_index": 116,
  "ticks": 639082427585585240,
  "version": 1,
  "pose": {
    "position": [
      -0.05223705247044563,
      -0.31430307030677795,
      -0.3412316143512726
    ],
    "rotation_xyzw": [
      0.15198825299739838,
      -0.3141297399997711,
      0.08866770565509796,
      0.9329308867454529
    ]
  },
  "rgb": {
    "width": 320,
    "height": 240,
    "byte_len": 1228800,
    "format": "RGBA32 raw bytes"
  },
  "depth": {
    "count": 204800,
    "byte_len": 819200,
    "format": "float32 meters (little-endian)"
  }
}