{
  "frame_index": 37,
  "ticks": 639082426789474030,
  "version": 1,
  "pose": {
    "position": [
      -0.04743317514657974,
      -0.3314867913722992,
      -0.32831987738609314
    ],
    "rotation_xyzw": [
      0.22209863364696503,
      -0.3269779682159424,
      0.10437558591365814,
      0.9126135110855103
    ]
  },
  "rgb": {
    "width": 320,
    "height": 240,
    "byte_len": 1228800,
    "format": "RGBA32 raw bytes"
  },
  "depth": {
    "count": 204800,
    "byte_len": 819200,
    "format": "float32 meters (little-endian)"
  }
}