{
  "frame_index": 33,
  "ticks": 639082426749473990,
  "version": 1,
  "pose": {
    "position": [
      -0.04909011721611023,
      -0.3332678973674774,
      -0.3254067897796631
    ],
    "rotation_xyzw": [
      0.22821861505508423,
      -0.3258541226387024,
      0.10604113340377808,
      0.9113125205039978
    ]
  },
  "rgb": {
    "width": 320,
    "height": 240,
    "byte_len": 1228800,
    "format": "RGBA32 raw bytes"
  },
  "depth": {
    "count": 204800,
    "byte_len": 819200,
    "format": "float32 meters (little-endian)"
  }
}