{
  "frame_index": 143,
  "ticks": 639082427857808630,
  "version": 1,
  "pose": {
    "position": [
      0.005175085738301277,
      -0.23118717968463898,
      -0.27071812748908997
    ],
    "rotation_xyzw": [
      -0.039941780269145966,
      -0.020540449768304825,
      -0.03777029737830162,
      0.9982765913009644
    ]
  },
  "rgb": {
    "width": 320,
    "height": 240,
    "byte_len": 1228800,
    "format": "RGBA32 raw bytes"
  },
  "depth": {
    "count": 204800,
    "byte_len": 819200,
    "format": "float32 meters (little-endian)"
  }
}