{
  "frame_index": 60,
  "ticks": 639082427021279560,
  "version": 1,
  "pose": {
    "position": [
      -0.04823671281337738,
      -0.33204716444015503,
      -0.32859161496162415
    ],
    "rotation_xyzw": [
      0.22182564437389374,
      -0.32765793800354004,
      0.10347310453653336,
      0.9125387072563171
    ]
  },
  "rgb": {
    "width": 320,
    "height": 240,
    "byte_len": 1228800,
    "format": "RGBA32 raw bytes"
  },
  "depth": {
    "count": 204800,
    "byte_len": 819200,
    "format": "float32 meters (little-endian)"
  }
}