{
  "frame_index": 26,
  "ticks": 639082426679196210,
  "version": 1,
  "pose": {
    "position": [
      -0.04933644086122513,
      -0.3341502547264099,
      -0.3216700553894043
    ],
    "rotation_xyzw": [
      0.23342865705490112,
      -0.32306188344955444,
      0.10327212512493134,
      0.9113051295280457
    ]
  },
  "rgb": {
    "width": 320,
    "height": 240,
    "byte_len": 1228800,
    "format": "RGBA32 raw bytes"
  },
  "depth": {
    "count": 204800,
    "byte_len": 819200,
    "format": "float32 meters (little-endian)"
  }
}