{
  "frame_index": 46,
  "ticks": 639082426880307390,
  "version": 1,
  "pose": {
    "position": [
      -0.04830586165189743,
      -0.33211565017700195,
      -0.3283885717391968
    ],
    "rotation_xyzw": [
      0.2222924679517746,
      -0.32713842391967773,
      0.105112224817276,
      0.9124241471290588
    ]
  },
  "rgb": {
    "width": 320,
    "height": 240,
    "byte_len": 1228800,
    "format": "RGBA32 raw bytes"
  },
  "depth": {
    "count": 204800,
    "byte_len": 819200,
    "format": "float32 meters (little-endian)"
  }
}