{
  "frame_index": 31,
  "ticks": 639082426729335150,
  "version": 1,
  "pose": {
    "position": [
      -0.04935082048177719,
      -0.33197736740112305,
      -0.3251939117908478
    ],
    "rotation_xyzw": [
      0.22503288090229034,
      -0.3262391984462738,
      0.10467106103897095,
      0.9121249318122864
    ]
  },
  "rgb": {
    "width": 320,
    "height": 240,
    "byte_len": 1228800,
    "format": "RGBA32 raw bytes"
  },
  "depth": {
    "count": 204800,
    "byte_len": 819200,
    "format": "float32 meters (little-endian)"
  }
}