{
  "frame_index": 19,
  "ticks": 639082426608370140,
  "version": 1,
  "pose": {
    "position": [
      -0.016245054081082344,
      -0.253143310546875,
      -0.3285351097583771
    ],
    "rotation_xyzw": [
      -0.007823200896382332,
      -0.19183383882045746,
      0.024289915338158607,
      0.9810954928398132
    ]
  },
  "rgb": {
    "width": 320,
    "height": 240,
    "byte_len": 1228800,
    "format": "RGBA32 raw bytes"
  },
  "depth": {
    "count": 204800,
    "byte_len": 819200,
    "format": "float32 meters (little-endian)"
  }
}