{
  "frame_index": 12,
  "ticks": 639082426537942910,
  "version": 1,
  "pose": {
    "position": [
      -0.06527259200811386,
      1.1563726663589478,
      0.1133098304271698
    ],
    "rotation_xyzw": [
      0.05824083089828491,
      -0.09417512267827988,
      0.032130010426044464,
      0.9933311343193054
    ]
  },
  "rgb": {
    "width": 320,
    "height": 240,
    "byte_len": 1228800,
    "format": "RGBA32 raw bytes"
  },
  "depth": {
    "count": 204800,
    "byte_len": 819200,
    "format": "float32 meters (little-endian)"
  }
}