{
  "frame_index": 126,
  "ticks": 639082427686281660,
  "version": 1,
  "pose": {
    "position": [
      -0.03990190103650093,
      -0.3319803774356842,
      -0.3289169669151306
    ],
    "rotation_xyzw": [
      0.21262533962726593,
      -0.3063255846500397,
      0.0869622752070427,
      0.9237924814224243
    ]
  },
  "rgb": {
    "width": 320,
    "height": 240,
    "byte_len": 1228800,
    "format": "RGBA32 raw bytes"
  },
  "depth": {
    "count": 204800,
    "byte_len": 819200,
    "format": "float32 meters (little-endian)"
  }
}