{
  "frame_index": 50,
  "ticks": 639082426920724040,
  "version": 1,
  "pose": {
    "position": [
      -0.048492446541786194,
      -0.3320252001285553,
      -0.32842135429382324
    ],
    "rotation_xyzw": [
      0.22183257341384888,
      -0.327644944190979,
      0.10549624264240265,
      0.912310004234314
    ]
  },
  "rgb": {
    "width": 320,
    "height": 240,
    "byte_len": 1228800,
    "format": "RGBA32 raw bytes"
  },
  "depth": {
    "count": 204800,
    "byte_len": 819200,
    "format": "float32 meters (little-endian)"
  }
}