{
  "frame_index": 104,
  "ticks": 639082427464613000,
  "version": 1,
  "pose": {
    "position": [
      -0.042436789721250534,
      -0.3105170428752899,
      -0.34554430842399597
    ],
    "rotation_xyzw": [
      0.1453624665737152,
      -0.3212886452674866,
      0.08113269507884979,
      0.9322342276573181
    ]
  },
  "rgb": {
    "width": 320,
    "height": 240,
    "byte_len": 1228800,
    "format": "RGBA32 raw bytes"
  },
  "depth": {
    "count": 204800,
    "byte_len": 819200,
    "format": "float32 meters (little-endian)"
  }
}