{
  "frame_index": 38,
  "ticks": 639082426799751810,
  "version": 1,
  "pose": {
    "position": [
      -0.047441516071558,
      -0.3317989110946655,
      -0.32851821184158325
    ],
    "rotation_xyzw": [
      0.22209487855434418,
      -0.3265129327774048,
      0.10481926798820496,
      0.9127299785614014
    ]
  },
  "rgb": {
    "width": 320,
    "height": 240,
    "byte_len": 1228800,
    "format": "RGBA32 raw bytes"
  },
  "depth": {
    "count": 204800,
    "byte_len": 819200,
    "format": "float32 meters (little-endian)"
  }
}