{
  "frame_index": 52,
  "ticks": 639082426940724020,
  "version": 1,
  "pose": {
    "position": [
      -0.04686332121491432,
      -0.3304079473018646,
      -0.3295423984527588
    ],
    "rotation_xyzw": [
      0.21871885657310486,
      -0.32704800367355347,
      0.10348934680223465,
      0.9135050177574158
    ]
  },
  "rgb": {
    "width": 320,
    "height": 240,
    "byte_len": 1228800,
    "format": "RGBA32 raw bytes"
  },
  "depth": {
    "count": 204800,
    "byte_len": 819200,
    "format": "float32 meters (little-endian)"
  }
}