{
  "frame_index": 5,
  "ticks": 639082426467532700,
  "version": 1,
  "pose": {
    "position": [
      0.2908543348312378,
      1.1173388957977295,
      -0.28139400482177734
    ],
    "rotation_xyzw": [
      0.16884854435920715,
      0.44724607467651367,
      -0.04249965399503708,
      0.8772997856140137
    ]
  },
  "rgb": {
    "width": 320,
    "height": 240,
    "byte_len": 1228800,
    "format": "RGBA32 raw bytes"
  },
  "depth": {
    "count": 204800,
    "byte_len": 819200,
    "format": "float32 meters (little-endian)"
  }
}