{
  "frame_index": 87,
  "ticks": 639082427293501860,
  "version": 1,
  "pose": {
    "position": [
      -0.05655146390199661,
      -0.31503042578697205,
      -0.33546721935272217
    ],
    "rotation_xyzw": [
      0.16991090774536133,
      -0.3353431224822998,
      0.0879451185464859,
      0.9224645495414734
    ]
  },
  "rgb": {
    "width": 320,
    "height": 240,
    "byte_len": 1228800,
    "format": "RGBA32 raw bytes"
  },
  "depth": {
    "count": 204800,
    "byte_len": 819200,
    "format": "float32 meters (little-endian)"
  }
}