{
  "frame_index": 27,
  "ticks": 639082426689196230,
  "version": 1,
  "pose": {
    "position": [
      -0.05143091082572937,
      -0.33389443159103394,
      -0.3224046230316162
    ],
    "rotation_xyzw": [
      0.2314995527267456,
      -0.3255317807197571,
      0.10595577955245972,
      0.9106098413467407
    ]
  },
  "rgb": {
    "width": 320,
    "height": 240,
    "byte_len": 1228800,
    "format": "RGBA32 raw bytes"
  },
  "depth": {
    "count": 204800,
    "byte_len": 819200,
    "format": "float32 meters (little-endian)"
  }
}