{
  "frame_index": 81,
  "ticks": 639082427232668540,
  "version": 1,
  "pose": {
    "position": [
      -0.06059793382883072,
      -0.33045127987861633,
      -0.3253197968006134
    ],
    "rotation_xyzw": [
      0.21330279111862183,
      -0.3420482277870178,
      0.1065475195646286,
      0.9089292883872986
    ]
  },
  "rgb": {
    "width": 320,
    "height": 240,
    "byte_len": 1228800,
    "format": "RGBA32 raw bytes"
  },
  "depth": {
    "count": 204800,
    "byte_len": 819200,
    "format": "float32 meters (little-endian)"
  }
}