{
  "frame_index": 124,
  "ticks": 639082427666001920,
  "version": 1,
  "pose": {
    "position": [
      -0.0534747838973999,
      -0.323702335357666,
      -0.3211994171142578
    ],
    "rotation_xyzw": [
      0.19166164100170135,
      -0.3119635283946991,
      0.08714611083269119,
      0.9264718890190125
    ]
  },
  "rgb": {
    "width": 320,
    "height": 240,
    "byte_len": 1228800,
    "format": "RGBA32 raw bytes"
  },
  "depth": {
    "count": 204800,
    "byte_len": 819200,
    "format": "float32 meters (little-endian)"
  }
}