{
  "frame_index": 62,
  "ticks": 639082427041557370,
  "version": 1,
  "pose": {
    "position": [
      -0.04844974726438522,
      -0.3318547010421753,
      -0.32887721061706543
    ],
    "rotation_xyzw": [
      0.22176052629947662,
      -0.32843664288520813,
      0.10384175181388855,
      0.9122325778007507
    ]
  },
  "rgb": {
    "width": 320,
    "height": 240,
    "byte_len": 1228800,
    "format": "RGBA32 raw bytes"
  },
  "depth": {
    "count": 204800,
    "byte_len": 819200,
    "format": "float32 meters (little-endian)"
  }
}