{
  "frame_index": 96,
  "ticks": 639082427384057430,
  "version": 1,
  "pose": {
    "position": [
      -0.059272103011608124,
      -0.32310032844543457,
      -0.33147796988487244
    ],
    "rotation_xyzw": [
      0.18049782514572144,
      -0.32017385959625244,
      0.10530204325914383,
      0.9240241050720215
    ]
  },
  "rgb": {
    "width": 320,
    "height": 240,
    "byte_len": 1228800,
    "format": "RGBA32 raw bytes"
  },
  "depth": {
    "count": 204800,
    "byte_len": 819200,
    "format": "float32 meters (little-endian)"
  }
}