{
  "frame_index": 89,
  "ticks": 639082427313640790,
  "version": 1,
  "pose": {
    "position": [
      -0.04619519039988518,
      -0.3207245469093323,
      -0.31500953435897827
    ],
    "rotation_xyzw": [
      0.18579982221126556,
      -0.2864876091480255,
      0.08687649667263031,
      0.9358716607093811
    ]
  },
  "rgb": {
    "width": 320,
    "height": 240,
    "byte_len": 1228800,
    "format": "RGBA32 raw bytes"
  },
  "depth": {
    "count": 204800,
    "byte_len": 819200,
    "format": "float32 meters (little-endian)"
  }
}