{
  "frame_index": 113,
  "ticks": 639082427555307470,
  "version": 1,
  "pose": {
    "position": [
      -0.05303792655467987,
      -0.3146625757217407,
      -0.3364593982696533
    ],
    "rotation_xyzw": [
      0.15696881711483002,
      -0.3160798251628876,
      0.08692413568496704,
      0.9316107034683228
    ]
  },
  "rgb": {
    "width": 320,
    "height": 240,
    "byte_len": 1228800,
    "format": "RGBA32 raw bytes"
  },
  "depth": {
    "count": 204800,
    "byte_len": 819200,
    "format": "float32 meters (little-endian)"
  }
}