{
  "frame_index": 131,
  "ticks": 639082427736835270,
  "version": 1,
  "pose": {
    "position": [
      -0.05232346057891846,
      -0.3320448696613312,
      -0.32667818665504456
    ],
    "rotation_xyzw": [
      0.20797184109687805,
      -0.327761173248291,
      0.10215935111045837,
      0.9159058928489685
    ]
  },
  "rgb": {
    "width": 320,
    "height": 240,
    "byte_len": 1228800,
    "format": "RGBA32 raw bytes"
  },
  "depth": {
    "count": 204800,
    "byte_len": 819200,
    "format": "float32 meters (little-endian)"
  }
}