{
  "frame_index": 75,
  "ticks": 639082427172529610,
  "version": 1,
  "pose": {
    "position": [
      -0.06228359788656235,
      -0.33042916655540466,
      -0.32312649488449097
    ],
    "rotation_xyzw": [
      0.21618963778018951,
      -0.34364745020866394,
      0.10477034002542496,
      0.9078498482704163
    ]
  },
  "rgb": {
    "width": 320,
    "height": 240,
    "byte_len": 1228800,
    "format": "RGBA32 raw bytes"
  },
  "depth": {
    "count": 204800,
    "byte_len": 819200,
    "format": "float32 meters (little-endian)"
  }
}