{
  "frame_index": 120,
  "ticks": 639082427625724170,
  "version": 1,
  "pose": {
    "position": [
      -0.04860750585794449,
      -0.3176952004432678,
      -0.32752978801727295
    ],
    "rotation_xyzw": [
      0.1727043092250824,
      -0.3191501200199127,
      0.08237657696008682,
      0.9281866550445557
    ]
  },
  "rgb": {
    "width": 320,
    "height": 240,
    "byte_len": 1228800,
    "format": "RGBA32 raw bytes"
  },
  "depth": {
    "count": 204800,
    "byte_len": 819200,
    "format": "float32 meters (little-endian)"
  }
}