{
  "frame_index": 1,
  "ticks": 639082426426981790,
  "version": 1,
  "pose": {
    "position": [
      0.24371705949306488,
      1.1392041444778442,
      -0.24552257359027863
    ],
    "rotation_xyzw": [
      0.11746140569448471,
      0.26524972915649414,
      -0.01190910767763853,
      0.9569241404533386
    ]
  },
  "rgb": {
    "width": 320,
    "height": 240,
    "byte_len": 1228800,
    "format": "RGBA32 raw bytes"
  },
  "depth": {
    "count": 0,
    "byte_len": 0,
    "format": "float32 meters (little-endian)"
  }
}