{
  "frame_index": 74,
  "ticks": 639082427162529600,
  "version": 1,
  "pose": {
    "position": [
      -0.06371654570102692,
      -0.33134013414382935,
      -0.3222855031490326
    ],
    "rotation_xyzw": [
      0.2170918881893158,
      -0.34390363097190857,
      0.10657094419002533,
      0.9073278903961182
    ]
  },
  "rgb": {
    "width": 320,
    "height": 240,
    "byte_len": 1228800,
    "format": "RGBA32 raw bytes"
  },
  "depth": {
    "count": 204800,
    "byte_len": 819200,
    "format": "float32 meters (little-endian)"
  }
}