{
  "frame_index": 111,
  "ticks": 639082427535307460,
  "version": 1,
  "pose": {
    "position": [
      -0.05222214013338089,
      -0.3142886459827423,
      -0.33450865745544434
    ],
    "rotation_xyzw": [
      0.15733064711093903,
      -0.31654539704322815,
      0.08488821983337402,
      0.9315792918205261
    ]
  },
  "rgb": {
    "width": 320,
    "height": 240,
    "byte_len": 1228800,
    "format": "RGBA32 raw bytes"
  },
  "depth": {
    "count": 204800,
    "byte_len": 819200,
    "format": "float32 meters (little-endian)"
  }
}