{
  "frame_index": 53,
  "ticks": 639082426950862910,
  "version": 1,
  "pose": {
    "position": [
      -0.04842046648263931,
      -0.3315516710281372,
      -0.3289760649204254
    ],
    "rotation_xyzw": [
      0.22038954496383667,
      -0.327696830034256,
      0.10500093549489975,
      0.9126980900764465
    ]
  },
  "rgb": {
    "width": 320,
    "height": 240,
    "byte_len": 1228800,
    "format": "RGBA32 raw bytes"
  },
  "depth": {
    "count": 204800,
    "byte_len": 819200,
    "format": "float32 meters (little-endian)"
  }
}