{
  "frame_index": 100,
  "ticks": 639082427424335260,
  "version": 1,
  "pose": {
    "position": [
      -0.05647483468055725,
      -0.3227730393409729,
      -0.3343730568885803
    ],
    "rotation_xyzw": [
      0.17932796478271484,
      -0.31788432598114014,
      0.1037670224905014,
      0.9252153635025024
    ]
  },
  "rgb": {
    "width": 320,
    "height": 240,
    "byte_len": 1228800,
    "format": "RGBA32 raw bytes"
  },
  "depth": {
    "count": 204800,
    "byte_len": 819200,
    "format": "float32 meters (little-endian)"
  }
}