{
  "frame_index": 85,
  "ticks": 639082427273224110,
  "version": 1,
  "pose": {
    "position": [
      -0.06057213246822357,
      -0.3293527066707611,
      -0.32639846205711365
    ],
    "rotation_xyzw": [
      0.2091144323348999,
      -0.3432523012161255,
      0.10573037713766098,
      0.9095438718795776
    ]
  },
  "rgb": {
    "width": 320,
    "height": 240,
    "byte_len": 1228800,
    "format": "RGBA32 raw bytes"
  },
  "depth": {
    "count": 204800,
    "byte_len": 819200,
    "format": "float32 meters (little-endian)"
  }
}