{
  "frame_index": 88,
  "ticks": 639082427303502310,
  "version": 1,
  "pose": {
    "position": [
      -0.048246752470731735,
      -0.3210951089859009,
      -0.3176029622554779
    ],
    "rotation_xyzw": [
      0.18265904486179352,
      -0.28636860847473145,
      0.09161365032196045,
      0.9360744953155518
    ]
  },
  "rgb": {
    "width": 320,
    "height": 240,
    "byte_len": 1228800,
    "format": "RGBA32 raw bytes"
  },
  "depth": {
    "count": 204800,
    "byte_len": 819200,
    "format": "float32 meters (little-endian)"
  }
}