{
  "frame_index": 44,
  "ticks": 639082426860029600,
  "version": 1,
  "pose": {
    "position": [
      -0.047164931893348694,
      -0.3325071632862091,
      -0.3283296823501587
    ],
    "rotation_xyzw": [
      0.22384317219257355,
      -0.3259981870651245,
      0.10434745252132416,
      0.9125409126281738
    ]
  },
  "rgb": {
    "width": 320,
    "height": 240,
    "byte_len": 1228800,
    "format": "RGBA32 raw bytes"
  },
  "depth": {
    "count": 204800,
    "byte_len": 819200,
    "format": "float32 meters (little-endian)"
  }
}