{
  "frame_index": 73,
  "ticks": 639082427152390720,
  "version": 1,
  "pose": {
    "position": [
      -0.057989876717329025,
      -0.32882165908813477,
      -0.3212360143661499
    ],
    "rotation_xyzw": [
      0.21468497812747955,
      -0.3409159183502197,
      0.09994888305664062,
      0.9097784757614136
    ]
  },
  "rgb": {
    "width": 320,
    "height": 240,
    "byte_len": 1228800,
    "format": "RGBA32 raw bytes"
  },
  "depth": {
    "count": 204800,
    "byte_len": 819200,
    "format": "float32 meters (little-endian)"
  }
}