{
  "frame_index": 30,
  "ticks": 639082426719335100,
  "version": 1,
  "pose": {
    "position": [
      -0.04860009253025055,
      -0.33145400881767273,
      -0.3249379098415375
    ],
    "rotation_xyzw": [
      0.22438344359397888,
      -0.32560303807258606,
      0.1036798357963562,
      0.9126254320144653
    ]
  },
  "rgb": {
    "width": 320,
    "height": 240,
    "byte_len": 1228800,
    "format": "RGBA32 raw bytes"
  },
  "depth": {
    "count": 204800,
    "byte_len": 819200,
    "format": "float32 meters (little-endian)"
  }
}