{
  "frame_index": 146,
  "ticks": 639082427887800470,
  "version": 1,
  "pose": {
    "position": [
      -0.028747398406267166,
      -0.18365362286567688,
      0.015401966869831085
    ],
    "rotation_xyzw": [
      -0.013067634776234627,
      -0.05492278188467026,
      0.03529299795627594,
      0.9977811574935913
    ]
  },
  "rgb": {
    "width": 320,
    "height": 240,
    "byte_len": 1228800,
    "format": "RGBA32 raw bytes"
  },
  "depth": {
    "count": 204800,
    "byte_len": 819200,
    "format": "float32 meters (little-endian)"
  }
}