{
  "frame_index": 13,
  "ticks": 639082426548081130,
  "version": 1,
  "pose": {
    "position": [
      -0.10151520371437073,
      1.1579885482788086,
      0.14979511499404907
    ],
    "rotation_xyzw": [
      0.03902732580900192,
      -0.10296663641929626,
      0.048231594264507294,
      0.9927478432655334
    ]
  },
  "rgb": {
    "width": 320,
    "height": 240,
    "byte_len": 1228800,
    "format": "RGBA32 raw bytes"
  },
  "depth": {
    "count": 204800,
    "byte_len": 819200,
    "format": "float32 meters (little-endian)"
  }
}