{
  "frame_index": 2,
  "ticks": 639082426436708840,
  "version": 1,
  "pose": {
    "position": [
      0.15716445446014404,
      1.1586101055145264,
      -0.24363970756530762
    ],
    "rotation_xyzw": [
      0.04936818778514862,
      0.001024489989504218,
      0.017243940383195877,
      0.9986312985420227
    ]
  },
  "rgb": {
    "width": 320,
    "height": 240,
    "byte_len": 1228800,
    "format": "RGBA32 raw bytes"
  },
  "depth": {
    "count": 204800,
    "byte_len": 819200,
    "format": "float32 meters (little-endian)"
  }
}