{
  "frame_index": 90,
  "ticks": 639082427323779690,
  "version": 1,
  "pose": {
    "position": [
      -0.04175615310668945,
      -0.31792205572128296,
      -0.3179114758968353
    ],
    "rotation_xyzw": [
      0.17972290515899658,
      -0.28539562225341797,
      0.08458968251943588,
      0.9375998377799988
    ]
  },
  "rgb": {
    "width": 320,
    "height": 240,
    "byte_len": 1228800,
    "format": "RGBA32 raw bytes"
  },
  "depth": {
    "count": 204800,
    "byte_len": 819200,
    "format": "float32 meters (little-endian)"
  }
}