{
  "frame_index": 142,
  "ticks": 639082427847536190,
  "version": 1,
  "pose": {
    "position": [
      -0.017296191304922104,
      -0.2548433244228363,
      -0.34719300270080566
    ],
    "rotation_xyzw": [
      -0.024344805628061295,
      -0.18275028467178345,
      0.008472492918372154,
      0.9828212857246399
    ]
  },
  "rgb": {
    "width": 320,
    "height": 240,
    "byte_len": 1228800,
    "format": "RGBA32 raw bytes"
  },
  "depth": {
    "count": 204800,
    "byte_len": 819200,
    "format": "float32 meters (little-endian)"
  }
}