{
  "frame_index": 51,
  "ticks": 639082426930862900,
  "version": 1,
  "pose": {
    "position": [
      -0.04767053574323654,
      -0.33201462030410767,
      -0.32876330614089966
    ],
    "rotation_xyzw": [
      0.22167761623859406,
      -0.3273862302303314,
      0.10522276163101196,
      0.9124720692634583
    ]
  },
  "rgb": {
    "width": 320,
    "height": 240,
    "byte_len": 1228800,
    "format": "RGBA32 raw bytes"
  },
  "depth": {
    "count": 204800,
    "byte_len": 819200,
    "format": "float32 meters (little-endian)"
  }
}