{
  "frame_index": 57,
  "ticks": 639082426991279610,
  "version": 1,
  "pose": {
    "position": [
      -0.0487712025642395,
      -0.3313400447368622,
      -0.3294377326965332
    ],
    "rotation_xyzw": [
      0.21934132277965546,
      -0.3285599946975708,
      0.10391184687614441,
      0.9127650260925293
    ]
  },
  "rgb": {
    "width": 320,
    "height": 240,
    "byte_len": 1228800,
    "format": "RGBA32 raw bytes"
  },
  "depth": {
    "count": 204800,
    "byte_len": 819200,
    "format": "float32 meters (little-endian)"
  }
}