{
  "frame_index": 103,
  "ticks": 639082427454612990,
  "version": 1,
  "pose": {
    "position": [
      -0.052914123982191086,
      -0.32026225328445435,
      -0.34070608019828796
    ],
    "rotation_xyzw": [
      0.16933748126029968,
      -0.3201030492782593,
      0.09669520705938339,
      0.9270969033241272
    ]
  },
  "rgb": {
    "width": 320,
    "height": 240,
    "byte_len": 1228800,
    "format": "RGBA32 raw bytes"
  },
  "depth": {
    "count": 204800,
    "byte_len": 819200,
    "format": "float32 meters (little-endian)"
  }
}