{
  "frame_index": 72,
  "ticks": 639082427142251830,
  "version": 1,
  "pose": {
    "position": [
      -0.05799084156751633,
      -0.32863888144493103,
      -0.32181212306022644
    ],
    "rotation_xyzw": [
      0.21351629495620728,
      -0.34109461307525635,
      0.10006427019834518,
      0.9099738001823425
    ]
  },
  "rgb": {
    "width": 320,
    "height": 240,
    "byte_len": 1228800,
    "format": "RGBA32 raw bytes"
  },
  "depth": {
    "count": 204800,
    "byte_len": 819200,
    "format": "float32 meters (little-endian)"
  }
}