{
  "frame_index": 55,
  "ticks": 639082426970724040,
  "version": 1,
  "pose": {
    "position": [
      -0.04758044332265854,
      -0.33121031522750854,
      -0.3287253975868225
    ],
    "rotation_xyzw": [
      0.22009551525115967,
      -0.32730355858802795,
      0.10387441515922546,
      0.9130390882492065
    ]
  },
  "rgb": {
    "width": 320,
    "height": 240,
    "byte_len": 1228800,
    "format": "RGBA32 raw bytes"
  },
  "depth": {
    "count": 204800,
    "byte_len": 819200,
    "format": "float32 meters (little-endian)"
  }
}