{
  "frame_index": 10,
  "ticks": 639082426517664370,
  "version": 1,
  "pose": {
    "position": [
      -0.030625613406300545,
      1.120613932609558,
      0.05998761206865311
    ],
    "rotation_xyzw": [
      0.16084231436252594,
      0.005027456674724817,
      0.03911120817065239,
      0.9861921668052673
    ]
  },
  "rgb": {
    "width": 320,
    "height": 240,
    "byte_len": 1228800,
    "format": "RGBA32 raw bytes"
  },
  "depth": {
    "count": 204800,
    "byte_len": 819200,
    "format": "float32 meters (little-endian)"
  }
}