{
  "frame_index": 109,
  "ticks": 639082427514751920,
  "version": 1,
  "pose": {
    "position": [
      -0.052341610193252563,
      -0.3137134909629822,
      -0.33246248960494995
    ],
    "rotation_xyzw": [
      0.15785500407218933,
      -0.31680959463119507,
      0.08396533131599426,
      0.931484580039978
    ]
  },
  "rgb": {
    "width": 320,
    "height": 240,
    "byte_len": 1228800,
    "format": "RGBA32 raw bytes"
  },
  "depth": {
    "count": 204800,
    "byte_len": 819200,
    "format": "float32 meters (little-endian)"
  }
}