{
  "frame_index": 68,
  "ticks": 639082427101974070,
  "version": 1,
  "pose": {
    "position": [
      -0.05838341638445854,
      -0.32910674810409546,
      -0.3185230493545532
    ],
    "rotation_xyzw": [
      0.2181471586227417,
      -0.34005457162857056,
      0.09765340387821198,
      0.909526526927948
    ]
  },
  "rgb": {
    "width": 320,
    "height": 240,
    "byte_len": 1228800,
    "format": "RGBA32 raw bytes"
  },
  "depth": {
    "count": 204800,
    "byte_len": 819200,
    "format": "float32 meters (little-endian)"
  }
}