{
  "frame_index": 35,
  "ticks": 639082426769474010,
  "version": 1,
  "pose": {
    "position": [
      -0.04878636449575424,
      -0.33238697052001953,
      -0.3261127173900604
    ],
    "rotation_xyzw": [
      0.22533392906188965,
      -0.3257441222667694,
      0.10503286123275757,
      0.9121860265731812
    ]
  },
  "rgb": {
    "width": 320,
    "height": 240,
    "byte_len": 1228800,
    "format": "RGBA32 raw bytes"
  },
  "depth": {
    "count": 204800,
    "byte_len": 819200,
    "format": "float32 meters (little-endian)"
  }
}