{
  "frame_index": 129,
  "ticks": 639082427716557500,
  "version": 1,
  "pose": {
    "position": [
      -0.05274952948093414,
      -0.3326210081577301,
      -0.32535845041275024
    ],
    "rotation_xyzw": [
      0.21052005887031555,
      -0.32693466544151306,
      0.10192406177520752,
      0.9156454801559448
    ]
  },
  "rgb": {
    "width": 320,
    "height": 240,
    "byte_len": 1228800,
    "format": "RGBA32 raw bytes"
  },
  "depth": {
    "count": 204800,
    "byte_len": 819200,
    "format": "float32 meters (little-endian)"
  }
}