{
  "frame_index": 40,
  "ticks": 639082426819751840,
  "version": 1,
  "pose": {
    "position": [
      -0.04696410149335861,
      -0.3324506878852844,
      -0.3277037441730499
    ],
    "rotation_xyzw": [
      0.22429923713207245,
      -0.32642561197280884,
      0.1045234352350235,
      0.9122560024261475
    ]
  },
  "rgb": {
    "width": 320,
    "height": 240,
    "byte_len": 1228800,
    "format": "RGBA32 raw bytes"
  },
  "depth": {
    "count": 204800,
    "byte_len": 819200,
    "format": "float32 meters (little-endian)"
  }
}