{
  "frame_index": 135,
  "ticks": 639082427777251940,
  "version": 1,
  "pose": {
    "position": [
      -0.05407631769776344,
      -0.3316856622695923,
      -0.32634249329566956
    ],
    "rotation_xyzw": [
      0.2049829065799713,
      -0.3302861750125885,
      0.10401666164398193,
      0.9154636263847351
    ]
  },
  "rgb": {
    "width": 320,
    "height": 240,
    "byte_len": 1228800,
    "format": "RGBA32 raw bytes"
  },
  "depth": {
    "count": 204800,
    "byte_len": 819200,
    "format": "float32 meters (little-endian)"
  }
}