{
  "frame_index": 42,
  "ticks": 639082426839890700,
  "version": 1,
  "pose": {
    "position": [
      -0.04737311601638794,
      -0.33262839913368225,
      -0.3281731605529785
    ],
    "rotation_xyzw": [
      0.2237549126148224,
      -0.325918048620224,
      0.10488178580999374,
      0.9125298857688904
    ]
  },
  "rgb": {
    "width": 320,
    "height": 240,
    "byte_len": 1228800,
    "format": "RGBA32 raw bytes"
  },
  "depth": {
    "count": 204800,
    "byte_len": 819200,
    "format": "float32 meters (little-endian)"
  }
}