{
  "frame_index": 137,
  "ticks": 639082427797529720,
  "version": 1,
  "pose": {
    "position": [
      -0.052055373787879944,
      -0.3292209208011627,
      -0.32938289642333984
    ],
    "rotation_xyzw": [
      0.1986284703016281,
      -0.33057701587677,
      0.10119906812906265,
      0.9170737266540527
    ]
  },
  "rgb": {
    "width": 320,
    "height": 240,
    "byte_len": 1228800,
    "format": "RGBA32 raw bytes"
  },
  "depth": {
    "count": 204800,
    "byte_len": 819200,
    "format": "float32 meters (little-endian)"
  }
}