{
  "frame_index": 95,
  "ticks": 639082427374057540,
  "version": 1,
  "pose": {
    "position": [
      -0.06152746453881264,
      -0.3232960104942322,
      -0.3318493068218231
    ],
    "rotation_xyzw": [
      0.18122661113739014,
      -0.32344743609428406,
      0.10683602094650269,
      0.9225641489028931
    ]
  },
  "rgb": {
    "width": 320,
    "height": 240,
    "byte_len": 1228800,
    "format": "RGBA32 raw bytes"
  },
  "depth": {
    "count": 204800,
    "byte_len": 819200,
    "format": "float32 meters (little-endian)"
  }
}