{
  "frame_index": 6,
  "ticks": 639082426477386740,
  "version": 1,
  "pose": {
    "position": [
      0.2960958182811737,
      1.1174936294555664,
      -0.28703296184539795
    ],
    "rotation_xyzw": [
      0.17036888003349304,
      0.4529655873775482,
      -0.04197699576616287,
      0.8740907311439514
    ]
  },
  "rgb": {
    "width": 320,
    "height": 240,
    "byte_len": 1228800,
    "format": "RGBA32 raw bytes"
  },
  "depth": {
    "count": 204800,
    "byte_len": 819200,
    "format": "float32 meters (little-endian)"
  }
}