{
  "frame_index": 115,
  "ticks": 639082427575446350,
  "version": 1,
  "pose": {
    "position": [
      -0.05360492318868637,
      -0.3149266242980957,
      -0.3410715162754059
    ],
    "rotation_xyzw": [
      0.15289810299873352,
      -0.31620949506759644,
      0.09007511287927628,
      0.9319443106651306
    ]
  },
  "rgb": {
    "width": 320,
    "height": 240,
    "byte_len": 1228800,
    "format": "RGBA32 raw bytes"
  },
  "depth": {
    "count": 204800,
    "byte_len": 819200,
    "format": "float32 meters (little-endian)"
  }
}