{
  "frame_index": 112,
  "ticks": 639082427545307460,
  "version": 1,
  "pose": {
    "position": [
      -0.053101666271686554,
      -0.314945250749588,
      -0.3350927233695984
    ],
    "rotation_xyzw": [
      0.15804842114448547,
      -0.3174677789211273,
      0.08699097484350204,
      0.9309498071670532
    ]
  },
  "rgb": {
    "width": 320,
    "height": 240,
    "byte_len": 1228800,
    "format": "RGBA32 raw bytes"
  },
  "depth": {
    "count": 204800,
    "byte_len": 819200,
    "format": "float32 meters (little-endian)"
  }
}