{
  "frame_index": 121,
  "ticks": 639082427636001910,
  "version": 1,
  "pose": {
    "position": [
      -0.05717157572507858,
      -0.32723963260650635,
      -0.32116034626960754
    ],
    "rotation_xyzw": [
      0.1986485719680786,
      -0.3158176839351654,
      0.09119832515716553,
      0.9232988357543945
    ]
  },
  "rgb": {
    "width": 320,
    "height": 240,
    "byte_len": 1228800,
    "format": "RGBA32 raw bytes"
  },
  "depth": {
    "count": 204800,
    "byte_len": 819200,
    "format": "float32 meters (little-endian)"
  }
}