{
  "frame_index": 18,
  "ticks": 639082426598354740,
  "version": 1,
  "pose": {
    "position": [
      -0.0664307028055191,
      -0.0006562424823641777,
      -0.09594929963350296
    ],
    "rotation_xyzw": [
      -0.0053600710816681385,
      0.0017786170355975628,
      0.020387055352330208,
      0.9997761845588684
    ]
  },
  "rgb": {
    "width": 320,
    "height": 240,
    "byte_len": 1228800,
    "format": "RGBA32 raw bytes"
  },
  "depth": {
    "count": 204800,
    "byte_len": 819200,
    "format": "float32 meters (little-endian)"
  }
}