{
  "frame_index": 70,
  "ticks": 639082427121974010,
  "version": 1,
  "pose": {
    "position": [
      -0.058450132608413696,
      -0.3293161690235138,
      -0.3201681077480316
    ],
    "rotation_xyzw": [
      0.216411754488945,
      -0.340638667345047,
      0.09953022748231888,
      0.9095190763473511
    ]
  },
  "rgb": {
    "width": 320,
    "height": 240,
    "byte_len": 1228800,
    "format": "RGBA32 raw bytes"
  },
  "depth": {
    "count": 204800,
    "byte_len": 819200,
    "format": "float32 meters (little-endian)"
  }
}