{
  "frame_index": 86,
  "ticks": 639082427283363240,
  "version": 1,
  "pose": {
    "position": [
      -0.052973710000514984,
      -0.32124030590057373,
      -0.33651357889175415
    ],
    "rotation_xyzw": [
      0.18647077679634094,
      -0.34371864795684814,
      0.09362497925758362,
      0.9155982732772827
    ]
  },
  "rgb": {
    "width": 320,
    "height": 240,
    "byte_len": 1228800,
    "format": "RGBA32 raw bytes"
  },
  "depth": {
    "count": 204800,
    "byte_len": 819200,
    "format": "float32 meters (little-endian)"
  }
}