{
  "frame_index": 47,
  "ticks": 639082426890446260,
  "version": 1,
  "pose": {
    "position": [
      -0.04746861010789871,
      -0.3315544128417969,
      -0.328279048204422
    ],
    "rotation_xyzw": [
      0.22146421670913696,
      -0.3268122673034668,
      0.1035042554140091,
      0.9129260778427124
    ]
  },
  "rgb": {
    "width": 320,
    "height": 240,
    "byte_len": 1228800,
    "format": "RGBA32 raw bytes"
  },
  "depth": {
    "count": 204800,
    "byte_len": 819200,
    "format": "float32 meters (little-endian)"
  }
}