{
  "frame_index": 3,
  "ticks": 639082426447390640,
  "version": 1,
  "pose": {
    "position": [
      0.14316976070404053,
      1.151494026184082,
      -0.24231617152690887
    ],
    "rotation_xyzw": [
      0.06864263117313385,
      -0.03791189193725586,
      0.02529161237180233,
      0.9965999126434326
    ]
  },
  "rgb": {
    "width": 320,
    "height": 240,
    "byte_len": 1228800,
    "format": "RGBA32 raw bytes"
  },
  "depth": {
    "count": 204800,
    "byte_len": 819200,
    "format": "float32 meters (little-endian)"
  }
}