{
  "frame_index": 84,
  "ticks": 639082427262946310,
  "version": 1,
  "pose": {
    "position": [
      -0.059620898216962814,
      -0.3288508951663971,
      -0.325237512588501
    ],
    "rotation_xyzw": [
      0.21044406294822693,
      -0.34218233823776245,
      0.10350125283002853,
      0.9098966717720032
    ]
  },
  "rgb": {
    "width": 320,
    "height": 240,
    "byte_len": 1228800,
    "format": "RGBA32 raw bytes"
  },
  "depth": {
    "count": 204800,
    "byte_len": 819200,
    "format": "float32 meters (little-endian)"
  }
}