{
  "frame_index": 79,
  "ticks": 639082427212668550,
  "version": 1,
  "pose": {
    "position": [
      -0.060640037059783936,
      -0.3303155303001404,
      -0.32586079835891724
    ],
    "rotation_xyzw": [
      0.21209444105625153,
      -0.3421950936317444,
      0.10645347833633423,
      0.9091678261756897
    ]
  },
  "rgb": {
    "width": 320,
    "height": 240,
    "byte_len": 1228800,
    "format": "RGBA32 raw bytes"
  },
  "depth": {
    "count": 204800,
    "byte_len": 819200,
    "format": "float32 meters (little-endian)"
  }
}