{
  "frame_index": 61,
  "ticks": 639082427031418480,
  "version": 1,
  "pose": {
    "position": [
      -0.048986807465553284,
      -0.33193832635879517,
      -0.328690767288208
    ],
    "rotation_xyzw": [
      0.22196438908576965,
      -0.32834509015083313,
      0.10409026592969894,
      0.9121877551078796
    ]
  },
  "rgb": {
    "width": 320,
    "height": 240,
    "byte_len": 1228800,
    "format": "RGBA32 raw bytes"
  },
  "depth": {
    "count": 204800,
    "byte_len": 819200,
    "format": "float32 meters (little-endian)"
  }
}