{
  "frame_index": 17,
  "ticks": 639082426588216540,
  "version": 1,
  "pose": {
    "position": [
      -0.0003717392683029175,
      0.00044263614108785987,
      -0.00130087707657367
    ],
    "rotation_xyzw": [
      -0.00021778198424726725,
      0.003321195486932993,
      -0.0014076805673539639,
      0.9999933838844299
    ]
  },
  "rgb": {
    "width": 320,
    "height": 240,
    "byte_len": 1228800,
    "format": "RGBA32 raw bytes"
  },
  "depth": {
    "count": 204800,
    "byte_len": 819200,
    "format": "float32 meters (little-endian)"
  }
}