{
  "frame_index": 20,
  "ticks": 639082426618644450,
  "version": 1,
  "pose": {
    "position": [
      -0.029544759541749954,
      -0.3244275152683258,
      -0.37286028265953064
    ],
    "rotation_xyzw": [
      0.1664067804813385,
      -0.3828071653842926,
      0.11499622464179993,
      0.901411771774292
    ]
  },
  "rgb": {
    "width": 320,
    "height": 240,
    "byte_len": 1228800,
    "format": "RGBA32 raw bytes"
  },
  "depth": {
    "count": 204800,
    "byte_len": 819200,
    "format": "float32 meters (little-endian)"
  }
}