{
  "frame_index": 134,
  "ticks": 639082427767113030,
  "version": 1,
  "pose": {
    "position": [
      -0.053696222603321075,
      -0.33173543214797974,
      -0.3259783685207367
    ],
    "rotation_xyzw": [
      0.20631349086761475,
      -0.32853710651397705,
      0.10300484299659729,
      0.9159082770347595
    ]
  },
  "rgb": {
    "width": 320,
    "height": 240,
    "byte_len": 1228800,
    "format": "RGBA32 raw bytes"
  },
  "depth": {
    "count": 204800,
    "byte_len": 819200,
    "format": "float32 meters (little-endian)"
  }
}