{
  "frame_index": 4,
  "ticks": 639082426457541850,
  "version": 1,
  "pose": {
    "position": [
      0.1758730709552765,
      1.123862624168396,
      -0.24920320510864258
    ],
    "rotation_xyzw": [
      0.16505859792232513,
      0.10802186280488968,
      0.009597045369446278,
      0.9803034663200378
    ]
  },
  "rgb": {
    "width": 320,
    "height": 240,
    "byte_len": 1228800,
    "format": "RGBA32 raw bytes"
  },
  "depth": {
    "count": 204800,
    "byte_len": 819200,
    "format": "float32 meters (little-endian)"
  }
}