{
  "frame_index": 136,
  "ticks": 639082427787113050,
  "version": 1,
  "pose": {
    "position": [
      -0.05225706472992897,
      -0.32983237504959106,
      -0.32837507128715515
    ],
    "rotation_xyzw": [
      0.20127934217453003,
      -0.3299422562122345,
      0.1014118641614914,
      0.9167007207870483
    ]
  },
  "rgb": {
    "width": 320,
    "height": 240,
    "byte_len": 1228800,
    "format": "RGBA32 raw bytes"
  },
  "depth": {
    "count": 204800,
    "byte_len": 819200,
    "format": "float32 meters (little-endian)"
  }
}