{
  "frame_index": 105,
  "ticks": 639082427474474120,
  "version": 1,
  "pose": {
    "position": [
      -0.043900951743125916,
      -0.30891621112823486,
      -0.33989009261131287
    ],
    "rotation_xyzw": [
      0.14199133217334747,
      -0.3183474838733673,
      0.07747945189476013,
      0.9340718388557434
    ]
  },
  "rgb": {
    "width": 320,
    "height": 240,
    "byte_len": 1228800,
    "format": "RGBA32 raw bytes"
  },
  "depth": {
    "count": 204800,
    "byte_len": 819200,
    "format": "float32 meters (little-endian)"
  }
}