{
  "frame_index": 133,
  "ticks": 639082427757113050,
  "version": 1,
  "pose": {
    "position": [
      -0.052751198410987854,
      -0.33195817470550537,
      -0.3266306221485138
    ],
    "rotation_xyzw": [
      0.20761458575725555,
      -0.3282988369464874,
      0.10196325182914734,
      0.9158163070678711
    ]
  },
  "rgb": {
    "width": 320,
    "height": 240,
    "byte_len": 1228800,
    "format": "RGBA32 raw bytes"
  },
  "depth": {
    "count": 204800,
    "byte_len": 819200,
    "format": "float32 meters (little-endian)"
  }
}