{
  "frame_index": 76,
  "ticks": 639082427182529660,
  "version": 1,
  "pose": {
    "position": [
      -0.06203273683786392,
      -0.3308452367782593,
      -0.3246705234050751
    ],
    "rotation_xyzw": [
      0.21571290493011475,
      -0.3431185483932495,
      0.10704519599676132,
      0.9078981280326843
    ]
  },
  "rgb": {
    "width": 320,
    "height": 240,
    "byte_len": 1228800,
    "format": "RGBA32 raw bytes"
  },
  "depth": {
    "count": 204800,
    "byte_len": 819200,
    "format": "float32 meters (little-endian)"
  }
}