{
  "frame_index": 145,
  "ticks": 639082427877804020,
  "version": 1,
  "pose": {
    "position": [
      -0.037134043872356415,
      -0.18855729699134827,
      -0.030352743342518806
    ],
    "rotation_xyzw": [
      -0.021973909810185432,
      0.003861453616991639,
      0.00023800029885023832,
      0.999751091003418
    ]
  },
  "rgb": {
    "width": 320,
    "height": 240,
    "byte_len": 1228800,
    "format": "RGBA32 raw bytes"
  },
  "depth": {
    "count": 204800,
    "byte_len": 819200,
    "format": "float32 meters (little-endian)"
  }
}