{
  "frame_index": 101,
  "ticks": 639082427434474140,
  "version": 1,
  "pose": {
    "position": [
      -0.05771211162209511,
      -0.3221294581890106,
      -0.33654460310935974
    ],
    "rotation_xyzw": [
      0.17717482149600983,
      -0.3208862841129303,
      0.10506677627563477,
      0.9244468212127686
    ]
  },
  "rgb": {
    "width": 320,
    "height": 240,
    "byte_len": 1228800,
    "format": "RGBA32 raw bytes"
  },
  "depth": {
    "count": 204800,
    "byte_len": 819200,
    "format": "float32 meters (little-endian)"
  }
}