{
  "frame_index": 82,
  "ticks": 639082427242807430,
  "version": 1,
  "pose": {
    "position": [
      -0.059872616082429886,
      -0.3302897810935974,
      -0.32509490847587585
    ],
    "rotation_xyzw": [
      0.2135077714920044,
      -0.34229111671447754,
      0.10491723567247391,
      0.9089793562889099
    ]
  },
  "rgb": {
    "width": 320,
    "height": 240,
    "byte_len": 1228800,
    "format": "RGBA32 raw bytes"
  },
  "depth": {
    "count": 204800,
    "byte_len": 819200,
    "format": "float32 meters (little-endian)"
  }
}