{
  "frame_index": 48,
  "ticks": 639082426900585100,
  "version": 1,
  "pose": {
    "position": [
      -0.04625993221998215,
      -0.33062905073165894,
      -0.33023884892463684
    ],
    "rotation_xyzw": [
      0.218579962849617,
      -0.3269340991973877,
      0.10374587029218674,
      0.9135499596595764
    ]
  },
  "rgb": {
    "width": 320,
    "height": 240,
    "byte_len": 1228800,
    "format": "RGBA32 raw bytes"
  },
  "depth": {
    "count": 204800,
    "byte_len": 819200,
    "format": "float32 meters (little-endian)"
  }
}