{
  "frame_index": 54,
  "ticks": 639082426960862920,
  "version": 1,
  "pose": {
    "position": [
      -0.04870513826608658,
      -0.3317051827907562,
      -0.3286783695220947
    ],
    "rotation_xyzw": [
      0.2206188589334488,
      -0.3277891278266907,
      0.10486963391304016,
      0.9126248359680176
    ]
  },
  "rgb": {
    "width": 320,
    "height": 240,
    "byte_len": 1228800,
    "format": "RGBA32 raw bytes"
  },
  "depth": {
    "count": 204800,
    "byte_len": 819200,
    "format": "float32 meters (little-endian)"
  }
}