{
  "frame_index": 63,
  "ticks": 639082427051696260,
  "version": 1,
  "pose": {
    "position": [
      -0.04765684902667999,
      -0.33175697922706604,
      -0.32946279644966125
    ],
    "rotation_xyzw": [
      0.2209046632051468,
      -0.32773712277412415,
      0.1040983572602272,
      0.9126625657081604
    ]
  },
  "rgb": {
    "width": 320,
    "height": 240,
    "byte_len": 1228800,
    "format": "RGBA32 raw bytes"
  },
  "depth": {
    "count": 204800,
    "byte_len": 819200,
    "format": "float32 meters (little-endian)"
  }
}