{
  "frame_index": 91,
  "ticks": 639082427333640770,
  "version": 1,
  "pose": {
    "position": [
      -0.04258929565548897,
      -0.3180454671382904,
      -0.317704439163208
    ],
    "rotation_xyzw": [
      0.17935886979103088,
      -0.28511086106300354,
      0.0848698541522026,
      0.9377308487892151
    ]
  },
  "rgb": {
    "width": 320,
    "height": 240,
    "byte_len": 1228800,
    "format": "RGBA32 raw bytes"
  },
  "depth": {
    "count": 204800,
    "byte_len": 819200,
    "format": "float32 meters (little-endian)"
  }
}