{
  "frame_index": 108,
  "ticks": 639082427504890800,
  "version": 1,
  "pose": {
    "position": [
      -0.05112482234835625,
      -0.31103527545928955,
      -0.33517301082611084
    ],
    "rotation_xyzw": [
      0.14952224493026733,
      -0.31759515404701233,
      0.08350182324647903,
      0.9326327443122864
    ]
  },
  "rgb": {
    "width": 320,
    "height": 240,
    "byte_len": 1228800,
    "format": "RGBA32 raw bytes"
  },
  "depth": {
    "count": 204800,
    "byte_len": 819200,
    "format": "float32 meters (little-endian)"
  }
}