{
  "frame_index": 25,
  "ticks": 639082426668779500,
  "version": 1,
  "pose": {
    "position": [
      -0.04724971950054169,
      -0.33393654227256775,
      -0.3203200697898865
    ],
    "rotation_xyzw": [
      0.23733749985694885,
      -0.3186134397983551,
      0.09775252640247345,
      0.9124695658683777
    ]
  },
  "rgb": {
    "width": 320,
    "height": 240,
    "byte_len": 1228800,
    "format": "RGBA32 raw bytes"
  },
  "depth": {
    "count": 204800,
    "byte_len": 819200,
    "format": "float32 meters (little-endian)"
  }
}