{
  "frame_index": 132,
  "ticks": 639082427746974160,
  "version": 1,
  "pose": {
    "position": [
      -0.052917808294296265,
      -0.33215776085853577,
      -0.32636311650276184
    ],
    "rotation_xyzw": [
      0.20831027626991272,
      -0.32795432209968567,
      0.10201560705900192,
      0.9157759547233582
    ]
  },
  "rgb": {
    "width": 320,
    "height": 240,
    "byte_len": 1228800,
    "format": "RGBA32 raw bytes"
  },
  "depth": {
    "count": 204800,
    "byte_len": 819200,
    "format": "float32 meters (little-endian)"
  }
}