{
  "frame_index": 97,
  "ticks": 639082427394057450,
  "version": 1,
  "pose": {
    "position": [
      -0.05712341517210007,
      -0.3234907388687134,
      -0.33301255106925964
    ],
    "rotation_xyzw": [
      0.18109717965126038,
      -0.3191112279891968,
      0.10507053881883621,
      0.9243007898330688
    ]
  },
  "rgb": {
    "width": 320,
    "height": 240,
    "byte_len": 1228800,
    "format": "RGBA32 raw bytes"
  },
  "depth": {
    "count": 204800,
    "byte_len": 819200,
    "format": "float32 meters (little-endian)"
  }
}