{
  "frame_index": 123,
  "ticks": 639082427656001950,
  "version": 1,
  "pose": {
    "position": [
      -0.05432587116956711,
      -0.325310617685318,
      -0.3215823769569397
    ],
    "rotation_xyzw": [
      0.19521652162075043,
      -0.31253311038017273,
      0.08856134116649628,
      0.9254027009010315
    ]
  },
  "rgb": {
    "width": 320,
    "height": 240,
    "byte_len": 1228800,
    "format": "RGBA32 raw bytes"
  },
  "depth": {
    "count": 204800,
    "byte_len": 819200,
    "format": "float32 meters (little-endian)"
  }
}