{
  "frame_index": 67,
  "ticks": 639082427091835150,
  "version": 1,
  "pose": {
    "position": [
      -0.0584297776222229,
      -0.3298743963241577,
      -0.3171600103378296
    ],
    "rotation_xyzw": [
      0.22055868804454803,
      -0.3392088711261749,
      0.09814724326133728,
      0.9092074632644653
    ]
  },
  "rgb": {
    "width": 320,
    "height": 240,
    "byte_len": 1228800,
    "format": "RGBA32 raw bytes"
  },
  "depth": {
    "count": 204800,
    "byte_len": 819200,
    "format": "float32 meters (little-endian)"
  }
}