{
  "frame_index": 22,
  "ticks": 639082426638780570,
  "version": 1,
  "pose": {
    "position": [
      -0.07138730585575104,
      -0.3131324052810669,
      -0.3251321613788605
    ],
    "rotation_xyzw": [
      0.17859399318695068,
      -0.3819037079811096,
      0.09607363492250443,
      0.9016781449317932
    ]
  },
  "rgb": {
    "width": 320,
    "height": 240,
    "byte_len": 1228800,
    "format": "RGBA32 raw bytes"
  },
  "depth": {
    "count": 204800,
    "byte_len": 819200,
    "format": "float32 meters (little-endian)"
  }
}