{
  "frame_index": 110,
  "ticks": 639082427525168540,
  "version": 1,
  "pose": {
    "position": [
      -0.05102556571364403,
      -0.31366071105003357,
      -0.3342830538749695
    ],
    "rotation_xyzw": [
      0.1567727029323578,
      -0.3147624433040619,
      0.08472780883312225,
      0.9322918653488159
    ]
  },
  "rgb": {
    "width": 320,
    "height": 240,
    "byte_len": 1228800,
    "format": "RGBA32 raw bytes"
  },
  "depth": {
    "count": 204800,
    "byte_len": 819200,
    "format": "float32 meters (little-endian)"
  }
}