{
  "frame_index": 24,
  "ticks": 639082426658919580,
  "version": 1,
  "pose": {
    "position": [
      -0.046029333025217056,
      -0.3367619812488556,
      -0.31362664699554443
    ],
    "rotation_xyzw": [
      0.24316558241844177,
      -0.31233707070350647,
      0.10274520516395569,
      0.9125564694404602
    ]
  },
  "rgb": {
    "width": 320,
    "height": 240,
    "byte_len": 1228800,
    "format": "RGBA32 raw bytes"
  },
  "depth": {
    "count": 204800,
    "byte_len": 819200,
    "format": "float32 meters (little-endian)"
  }
}