{
  "frame_index": 138,
  "ticks": 639082427807668640,
  "version": 1,
  "pose": {
    "position": [
      -0.052243467420339584,
      -0.3287145495414734,
      -0.3299369513988495
    ],
    "rotation_xyzw": [
      0.1968427151441574,
      -0.3313157856464386,
      0.1015557050704956,
      0.9171528220176697
    ]
  },
  "rgb": {
    "width": 320,
    "height": 240,
    "byte_len": 1228800,
    "format": "RGBA32 raw bytes"
  },
  "depth": {
    "count": 204800,
    "byte_len": 819200,
    "format": "float32 meters (little-endian)"
  }
}