{
  "frame_index": 78,
  "ticks": 639082427202390750,
  "version": 1,
  "pose": {
    "position": [
      -0.06182990223169327,
      -0.33025801181793213,
      -0.32584571838378906
    ],
    "rotation_xyzw": [
      0.21232742071151733,
      -0.34355807304382324,
      0.1072215586900711,
      0.9085088968276978
    ]
  },
  "rgb": {
    "width": 320,
    "height": 240,
    "byte_len": 1228800,
    "format": "RGBA32 raw bytes"
  },
  "depth": {
    "count": 204800,
    "byte_len": 819200,
    "format": "float32 meters (little-endian)"
  }
}