{
  "frame_index": 77,
  "ticks": 639082427192390720,
  "version": 1,
  "pose": {
    "position": [
      -0.06296061724424362,
      -0.3301401734352112,
      -0.32656002044677734
    ],
    "rotation_xyzw": [
      0.21190112829208374,
      -0.3446396589279175,
      0.10834430158138275,
      0.9080653190612793
    ]
  },
  "rgb": {
    "width": 320,
    "height": 240,
    "byte_len": 1228800,
    "format": "RGBA32 raw bytes"
  },
  "depth": {
    "count": 204800,
    "byte_len": 819200,
    "format": "float32 meters (little-endian)"
  }
}