{
  "frame_index": 45,
  "ticks": 639082426870168470,
  "version": 1,
  "pose": {
    "position": [
      -0.046751685440540314,
      -0.3322039246559143,
      -0.32853594422340393
    ],
    "rotation_xyzw": [
      0.22242924571037292,
      -0.3255229592323303,
      0.10411117970943451,
      0.9130830764770508
    ]
  },
  "rgb": {
    "width": 320,
    "height": 240,
    "byte_len": 1228800,
    "format": "RGBA32 raw bytes"
  },
  "depth": {
    "count": 204800,
    "byte_len": 819200,
    "format": "float32 meters (little-endian)"
  }
}