{
  "frame_index": 80,
  "ticks": 639082427222529650,
  "version": 1,
  "pose": {
    "position": [
      -0.059475675225257874,
      -0.329877108335495,
      -0.32556575536727905
    ],
    "rotation_xyzw": [
      0.2123897820711136,
      -0.3416006565093994,
      0.10555260628461838,
      0.9094273447990417
    ]
  },
  "rgb": {
    "width": 320,
    "height": 240,
    "byte_len": 1228800,
    "format": "RGBA32 raw bytes"
  },
  "depth": {
    "count": 204800,
    "byte_len": 819200,
    "format": "float32 meters (little-endian)"
  }
}