{
  "frame_index": 36,
  "ticks": 639082426779474030,
  "version": 1,
  "pose": {
    "position": [
      -0.047911666333675385,
      -0.3317917287349701,
      -0.3271796405315399
    ],
    "rotation_xyzw": [
      0.22358840703964233,
      -0.32666003704071045,
      0.10464315861463547,
      0.9123327136039734
    ]
  },
  "rgb": {
    "width": 320,
    "height": 240,
    "byte_len": 1228800,
    "format": "RGBA32 raw bytes"
  },
  "depth": {
    "count": 204800,
    "byte_len": 819200,
    "format": "float32 meters (little-endian)"
  }
}