{
  "frame_index": 59,
  "ticks": 639082427011140720,
  "version": 1,
  "pose": {
    "position": [
      -0.04766972362995148,
      -0.3317487835884094,
      -0.32879891991615295
    ],
    "rotation_xyzw": [
      0.22093774378299713,
      -0.3273027837276459,
      0.10337767004966736,
      0.9128922820091248
    ]
  },
  "rgb": {
    "width": 320,
    "height": 240,
    "byte_len": 1228800,
    "format": "RGBA32 raw bytes"
  },
  "depth": {
    "count": 204800,
    "byte_len": 819200,
    "format": "float32 meters (little-endian)"
  }
}