{
  "frame_index": 66,
  "ticks": 639082427081557350,
  "version": 1,
  "pose": {
    "position": [
      -0.0571652427315712,
      -0.330261766910553,
      -0.3144669532775879
    ],
    "rotation_xyzw": [
      0.22401323914527893,
      -0.3373716175556183,
      0.09530244767665863,
      0.9093492031097412
    ]
  },
  "rgb": {
    "width": 320,
    "height": 240,
    "byte_len": 1228800,
    "format": "RGBA32 raw bytes"
  },
  "depth": {
    "count": 204800,
    "byte_len": 819200,
    "format": "float32 meters (little-endian)"
  }
}