{
  "frame_index": 140,
  "ticks": 639082427827668620,
  "version": 1,
  "pose": {
    "position": [
      -0.05276107043027878,
      -0.3287355303764343,
      -0.32986825704574585
    ],
    "rotation_xyzw": [
      0.19710992276668549,
      -0.3315417766571045,
      0.10104731470346451,
      0.9170698523521423
    ]
  },
  "rgb": {
    "width": 320,
    "height": 240,
    "byte_len": 1228800,
    "format": "RGBA32 raw bytes"
  },
  "depth": {
    "count": 204800,
    "byte_len": 819200,
    "format": "float32 meters (little-endian)"
  }
}