{
  "frame_index": 15,
  "ticks": 639082426568076870,
  "version": 1,
  "pose": {
    "position": [
      -0.15232381224632263,
      1.3414205312728882,
      0.43210017681121826
    ],
    "rotation_xyzw": [
      0.07094813883304596,
      0.0006125232321210206,
      0.028182189911603928,
      0.9970815777778625
    ]
  },
  "rgb": {
    "width": 320,
    "height": 240,
    "byte_len": 1228800,
    "format": "RGBA32 raw bytes"
  },
  "depth": {
    "count": 204800,
    "byte_len": 819200,
    "format": "float32 meters (little-endian)"
  }
}