{
  "frame_index": 7,
  "ticks": 639082426487664380,
  "version": 1,
  "pose": {
    "position": [
      0.2911694049835205,
      1.1200625896453857,
      -0.28434619307518005
    ],
    "rotation_xyzw": [
      0.16312117874622345,
      0.4408208429813385,
      -0.03909410908818245,
      0.8817824125289917
    ]
  },
  "rgb": {
    "width": 320,
    "height": 240,
    "byte_len": 1228800,
    "format": "RGBA32 raw bytes"
  },
  "depth": {
    "count": 204800,
    "byte_len": 819200,
    "format": "float32 meters (little-endian)"
  }
}