{
  "frame_index": 49,
  "ticks": 639082426910724020,
  "version": 1,
  "pose": {
    "position": [
      -0.048346541821956635,
      -0.33222725987434387,
      -0.3282959759235382
    ],
    "rotation_xyzw": [
      0.22215622663497925,
      -0.327005535364151,
      0.10544516891241074,
      0.9124665856361389
    ]
  },
  "rgb": {
    "width": 320,
    "height": 240,
    "byte_len": 1228800,
    "format": "RGBA32 raw bytes"
  },
  "depth": {
    "count": 204800,
    "byte_len": 819200,
    "format": "float32 meters (little-endian)"
  }
}