{
  "frame_index": 128,
  "ticks": 639082427706418620,
  "version": 1,
  "pose": {
    "position": [
      -0.05209178477525711,
      -0.33283668756484985,
      -0.3240126073360443
    ],
    "rotation_xyzw": [
      0.2134859263896942,
      -0.3243817985057831,
      0.09912549704313278,
      0.9161736369132996
    ]
  },
  "rgb": {
    "width": 320,
    "height": 240,
    "byte_len": 1228800,
    "format": "RGBA32 raw bytes"
  },
  "depth": {
    "count": 204800,
    "byte_len": 819200,
    "format": "float32 meters (little-endian)"
  }
}