{
  "frame_index": 16,
  "ticks": 639082426577937800,
  "version": 1,
  "pose": {
    "position": [
      -0.1475863754749298,
      1.3380364179611206,
      0.46011263132095337
    ],
    "rotation_xyzw": [
      0.07612363249063492,
      -0.01603718288242817,
      0.03913293033838272,
      0.9962010979652405
    ]
  },
  "rgb": {
    "width": 320,
    "height": 240,
    "byte_len": 1228800,
    "format": "RGBA32 raw bytes"
  },
  "depth": {
    "count": 204800,
    "byte_len": 819200,
    "format": "float32 meters (little-endian)"
  }
}