{
  "frame_index": 28,
  "ticks": 639082426699196240,
  "version": 1,
  "pose": {
    "position": [
      -0.050657007843256,
      -0.33336079120635986,
      -0.3222581148147583
    ],
    "rotation_xyzw": [
      0.22973433136940002,
      -0.3257252871990204,
      0.10503917932510376,
      0.9110937714576721
    ]
  },
  "rgb": {
    "width": 320,
    "height": 240,
    "byte_len": 1228800,
    "format": "RGBA32 raw bytes"
  },
  "depth": {
    "count": 204800,
    "byte_len": 819200,
    "format": "float32 meters (little-endian)"
  }
}