{
  "frame_index": 23,
  "ticks": 639082426648919820,
  "version": 1,
  "pose": {
    "position": [
      -0.06017941236495972,
      -0.3429645597934723,
      -0.2997135818004608
    ],
    "rotation_xyzw": [
      0.26372337341308594,
      -0.3155229687690735,
      0.11251267045736313,
      0.9045639634132385
    ]
  },
  "rgb": {
    "width": 320,
    "height": 240,
    "byte_len": 1228800,
    "format": "RGBA32 raw bytes"
  },
  "depth": {
    "count": 204800,
    "byte_len": 819200,
    "format": "float32 meters (little-endian)"
  }
}