{
  "frame_index": 39,
  "ticks": 639082426809751810,
  "version": 1,
  "pose": {
    "position": [
      -0.048095785081386566,
      -0.33266112208366394,
      -0.3280082941055298
    ],
    "rotation_xyzw": [
      0.22394250333309174,
      -0.3271431028842926,
      0.10562184453010559,
      0.9119600057601929
    ]
  },
  "rgb": {
    "width": 320,
    "height": 240,
    "byte_len": 1228800,
    "format": "RGBA32 raw bytes"
  },
  "depth": {
    "count": 204800,
    "byte_len": 819200,
    "format": "float32 meters (little-endian)"
  }
}