{
  "frame_index": 11,
  "ticks": 639082426527943850,
  "version": 1,
  "pose": {
    "position": [
      -0.057620033621788025,
      1.1468212604522705,
      0.05254101753234863
    ],
    "rotation_xyzw": [
      0.0866621732711792,
      -0.06819482892751694,
      0.030035927891731262,
      0.993446946144104
    ]
  },
  "rgb": {
    "width": 320,
    "height": 240,
    "byte_len": 1228800,
    "format": "RGBA32 raw bytes"
  },
  "depth": {
    "count": 204800,
    "byte_len": 819200,
    "format": "float32 meters (little-endian)"
  }
}