{
  "frame_index": 69,
  "ticks": 639082427112112920,
  "version": 1,
  "pose": {
    "position": [
      -0.05784925818443298,
      -0.3288404047489166,
      -0.31902313232421875
    ],
    "rotation_xyzw": [
      0.21736367046833038,
      -0.33976325392723083,
      0.09785699844360352,
      0.9098009467124939
    ]
  },
  "rgb": {
    "width": 320,
    "height": 240,
    "byte_len": 1228800,
    "format": "RGBA32 raw bytes"
  },
  "depth": {
    "count": 204800,
    "byte_len": 819200,
    "format": "float32 meters (little-endian)"
  }
}