{
  "frame_index": 99,
  "ticks": 639082427414335230,
  "version": 1,
  "pose": {
    "position": [
      -0.05654999613761902,
      -0.3220720887184143,
      -0.33475273847579956
    ],
    "rotation_xyzw": [
      0.17750489711761475,
      -0.3181364834308624,
      0.10321197658777237,
      0.9255420565605164
    ]
  },
  "rgb": {
    "width": 320,
    "height": 240,
    "byte_len": 1228800,
    "format": "RGBA32 raw bytes"
  },
  "depth": {
    "count": 204800,
    "byte_len": 819200,
    "format": "float32 meters (little-endian)"
  }
}