{
  "frame_index": 83,
  "ticks": 639082427252946310,
  "version": 1,
  "pose": {
    "position": [
      -0.05977225676178932,
      -0.3296385407447815,
      -0.3254685401916504
    ],
    "rotation_xyzw": [
      0.2120499312877655,
      -0.34175243973731995,
      0.10484232753515244,
      0.909531831741333
    ]
  },
  "rgb": {
    "width": 320,
    "height": 240,
    "byte_len": 1228800,
    "format": "RGBA32 raw bytes"
  },
  "depth": {
    "count": 204800,
    "byte_len": 819200,
    "format": "float32 meters (little-endian)"
  }
}