{
  "frame_index": 14,
  "ticks": 639082426558082770,
  "version": 1,
  "pose": {
    "position": [
      -0.2043701559305191,
      1.2615392208099365,
      0.29080307483673096
    ],
    "rotation_xyzw": [
      0.06853833794593811,
      -0.029163623228669167,
      0.043098315596580505,
      0.996290385723114
    ]
  },
  "rgb": {
    "width": 320,
    "height": 240,
    "byte_len": 1228800,
    "format": "RGBA32 raw bytes"
  },
  "depth": {
    "count": 204800,
    "byte_len": 819200,
    "format": "float32 meters (little-endian)"
  }
}