{
  "frame_index": 65,
  "ticks": 639082427071696320,
  "version": 1,
  "pose": {
    "position": [
      -0.0558871328830719,
      -0.33018922805786133,
      -0.31875112652778625
    ],
    "rotation_xyzw": [
      0.22192077338695526,
      -0.3360852599143982,
      0.09324604272842407,
      0.9105509519577026
    ]
  },
  "rgb": {
    "width": 320,
    "height": 240,
    "byte_len": 1228800,
    "format": "RGBA32 raw bytes"
  },
  "depth": {
    "count": 204800,
    "byte_len": 819200,
    "format": "float32 meters (little-endian)"
  }
}