{
  "frame_index": 118,
  "ticks": 639082427605724120,
  "version": 1,
  "pose": {
    "position": [
      -0.053185079246759415,
      -0.31474918127059937,
      -0.3432607054710388
    ],
    "rotation_xyzw": [
      0.15105628967285156,
      -0.31438907980918884,
      0.09010574221611023,
      0.9328571557998657
    ]
  },
  "rgb": {
    "width": 320,
    "height": 240,
    "byte_len": 1228800,
    "format": "RGBA32 raw bytes"
  },
  "depth": {
    "count": 204800,
    "byte_len": 819200,
    "format": "float32 meters (little-endian)"
  }
}