{
  "frame_index": 21,
  "ticks": 639082426628920740,
  "version": 1,
  "pose": {
    "position": [
      -0.061494339257478714,
      -0.3380795419216156,
      -0.32673370838165283
    ],
    "rotation_xyzw": [
      0.22634491324424744,
      -0.36050599813461304,
      0.12922661006450653,
      0.8956023454666138
    ]
  },
  "rgb": {
    "width": 320,
    "height": 240,
    "byte_len": 1228800,
    "format": "RGBA32 raw bytes"
  },
  "depth": {
    "count": 204800,
    "byte_len": 819200,
    "format": "float32 meters (little-endian)"
  }
}