{
  "frame_index": 144,
  "ticks": 639082427867808050,
  "version": 1,
  "pose": {
    "position": [
      -0.020468417555093765,
      -0.21526652574539185,
      -0.1731756627559662
    ],
    "rotation_xyzw": [
      -0.04988190531730652,
      -0.010749109089374542,
      -0.04036301374435425,
      0.9978812336921692
    ]
  },
  "rgb": {
    "width": 320,
    "height": 240,
    "byte_len": 1228800,
    "format": "RGBA32 raw bytes"
  },
  "depth": {
    "count": 204800,
    "byte_len": 819200,
    "format": "float32 meters (little-endian)"
  }
}