{
  "frame_index": 127,
  "ticks": 639082427696418630,
  "version": 1,
  "pose": {
    "position": [
      -0.04959014058113098,
      -0.33302029967308044,
      -0.3227650225162506
    ],
    "rotation_xyzw": [
      0.2174578160047531,
      -0.3202999234199524,
      0.09401091188192368,
      0.9172142148017883
    ]
  },
  "rgb": {
    "width": 320,
    "height": 240,
    "byte_len": 1228800,
    "format": "RGBA32 raw bytes"
  },
  "depth": {
    "count": 204800,
    "byte_len": 819200,
    "format": "float32 meters (little-endian)"
  }
}