{
  "frame_index": 125,
  "ticks": 639082427676002870,
  "version": 1,
  "pose": {
    "position": [
      -0.050700560212135315,
      -0.3144754469394684,
      -0.3405347168445587
    ],
    "rotation_xyzw": [
      0.1607053577899933,
      -0.3236571252346039,
      0.08737558126449585,
      0.9283238649368286
    ]
  },
  "rgb": {
    "width": 320,
    "height": 240,
    "byte_len": 1228800,
    "format": "RGBA32 raw bytes"
  },
  "depth": {
    "count": 204800,
    "byte_len": 819200,
    "format": "float32 meters (little-endian)"
  }
}