{
  "frame_index": 93,
  "ticks": 639082427354057450,
  "version": 1,
  "pose": {
    "position": [
      -0.04388423636555672,
      -0.31773319840431213,
      -0.3213675022125244
    ],
    "rotation_xyzw": [
      0.17660726606845856,
      -0.29107433557510376,
      0.086869977414608,
      0.9362367987632751
    ]
  },
  "rgb": {
    "width": 320,
    "height": 240,
    "byte_len": 1228800,
    "format": "RGBA32 raw bytes"
  },
  "depth": {
    "count": 204800,
    "byte_len": 819200,
    "format": "float32 meters (little-endian)"
  }
}