{
  "frame_index": 130,
  "ticks": 639082427726418610,
  "version": 1,
  "pose": {
    "position": [
      -0.05245333909988403,
      -0.33229318261146545,
      -0.32636117935180664
    ],
    "rotation_xyzw": [
      0.20871904492378235,
      -0.3276557922363281,
      0.10205809772014618,
      0.9157849550247192
    ]
  },
  "rgb": {
    "width": 320,
    "height": 240,
    "byte_len": 1228800,
    "format": "RGBA32 raw bytes"
  },
  "depth": {
    "count": 204800,
    "byte_len": 819200,
    "format": "float32 meters (little-endian)"
  }
}