{
  "frame_index": 71,
  "ticks": 639082427132251830,
  "version": 1,
  "pose": {
    "position": [
      -0.0566709041595459,
      -0.32861194014549255,
      -0.3197547197341919
    ],
    "rotation_xyzw": [
      0.21512924134731293,
      -0.3390630781650543,
      0.09780266135931015,
      0.9105987548828125
    ]
  },
  "rgb": {
    "width": 320,
    "height": 240,
    "byte_len": 1228800,
    "format": "RGBA32 raw bytes"
  },
  "depth": {
    "count": 204800,
    "byte_len": 819200,
    "format": "float32 meters (little-endian)"
  }
}