{
  "frame_index": 41,
  "ticks": 639082426829890680,
  "version": 1,
  "pose": {
    "position": [
      -0.045501887798309326,
      -0.3321753144264221,
      -0.3286193609237671
    ],
    "rotation_xyzw": [
      0.22309762239456177,
      -0.32544004917144775,
      0.1034386157989502,
      0.9130260944366455
    ]
  },
  "rgb": {
    "width": 320,
    "height": 240,
    "byte_len": 1228800,
    "format": "RGBA32 raw bytes"
  },
  "depth": {
    "count": 204800,
    "byte_len": 819200,
    "format": "float32 meters (little-endian)"
  }
}