{
  "frame_index": 107,
  "ticks": 639082427494890810,
  "version": 1,
  "pose": {
    "position": [
      -0.050930868834257126,
      -0.3104647099971771,
      -0.3376457095146179
    ],
    "rotation_xyzw": [
      0.14704909920692444,
      -0.3142804801464081,
      0.08481694757938385,
      0.9340291023254395
    ]
  },
  "rgb": {
    "width": 320,
    "height": 240,
    "byte_len": 1228800,
    "format": "RGBA32 raw bytes"
  },
  "depth": {
    "count": 204800,
    "byte_len": 819200,
    "format": "float32 meters (little-endian)"
  }
}