{
  "frame_index": 106,
  "ticks": 639082427484751880,
  "version": 1,
  "pose": {
    "position": [
      -0.05199771001935005,
      -0.3118419945240021,
      -0.3364635109901428
    ],
    "rotation_xyzw": [
      0.1496858447790146,
      -0.31491929292678833,
      0.08560524880886078,
      0.9333229064941406
    ]
  },
  "rgb": {
    "width": 320,
    "height": 240,
    "byte_len": 1228800,
    "format": "RGBA32 raw bytes"
  },
  "depth": {
    "count": 204800,
    "byte_len": 819200,
    "format": "float32 meters (little-endian)"
  }
}