{
  "frame_index": 117,
  "ticks": 639082427595585250,
  "version": 1,
  "pose": {
    "position": [
      -0.05305197834968567,
      -0.3146035671234131,
      -0.34172293543815613
    ],
    "rotation_xyzw": [
      0.15221701562404633,
      -0.3136490285396576,
      0.08922283351421356,
      0.9330024719238281
    ]
  },
  "rgb": {
    "width": 320,
    "height": 240,
    "byte_len": 1228800,
    "format": "RGBA32 raw bytes"
  },
  "depth": {
    "count": 204800,
    "byte_len": 819200,
    "format": "float32 meters (little-endian)"
  }
}