{
  "frame_index": 122,
  "ticks": 639082427646001890,
  "version": 1,
  "pose": {
    "position": [
      -0.05646038055419922,
      -0.3266618549823761,
      -0.3203824460506439
    ],
    "rotation_xyzw": [
      0.19844432175159454,
      -0.3130464553833008,
      0.09034722298383713,
      0.9243695139884949
    ]
  },
  "rgb": {
    "width": 320,
    "height": 240,
    "byte_len": 1228800,
    "format": "RGBA32 raw bytes"
  },
  "depth": {
    "count": 204800,
    "byte_len": 819200,
    "format": "float32 meters (little-endian)"
  }
}