{
  "frame_index": 141,
  "ticks": 639082427837670250,
  "version": 1,
  "pose": {
    "position": [
      -0.05265727639198303,
      -0.319908082485199,
      -0.33130648732185364
    ],
    "rotation_xyzw": [
      0.1676386594772339,
      -0.33189359307289124,
      0.09971850365400314,
      0.9229300618171692
    ]
  },
  "rgb": {
    "width": 320,
    "height": 240,
    "byte_len": 1228800,
    "format": "RGBA32 raw bytes"
  },
  "depth": {
    "count": 204800,
    "byte_len": 819200,
    "format": "float32 meters (little-endian)"
  }
}