{
  "frame_index": 9,
  "ticks": 639082426507942140,
  "version": 1,
  "pose": {
    "position": [
      0.28883737325668335,
      1.1193567514419556,
      -0.2877514362335205
    ],
    "rotation_xyzw": [
      0.1648809313774109,
      0.43983587622642517,
      -0.037318114191293716,
      0.8820238709449768
    ]
  },
  "rgb": {
    "width": 320,
    "height": 240,
    "byte_len": 1228800,
    "format": "RGBA32 raw bytes"
  },
  "depth": {
    "count": 204800,
    "byte_len": 819200,
    "format": "float32 meters (little-endian)"
  }
}