{
  "frame_index": 139,
  "ticks": 639082427817668630,
  "version": 1,
  "pose": {
    "position": [
      -0.05261297523975372,
      -0.3289884030818939,
      -0.3299667239189148
    ],
    "rotation_xyzw": [
      0.19716913998126984,
      -0.33154040575027466,
      0.10163386166095734,
      0.9169928431510925
    ]
  },
  "rgb": {
    "width": 320,
    "height": 240,
    "byte_len": 1228800,
    "format": "RGBA32 raw bytes"
  },
  "depth": {
    "count": 204800,
    "byte_len": 819200,
    "format": "float32 meters (little-endian)"
  }
}