{
  "frame_index": 98,
  "ticks": 639082427404335220,
  "version": 1,
  "pose": {
    "position": [
      -0.05620775371789932,
      -0.3220561444759369,
      -0.3339254856109619
    ],
    "rotation_xyzw": [
      0.1782291829586029,
      -0.3192864656448364,
      0.10317595303058624,
      0.9250109195709229
    ]
  },
  "rgb": {
    "width": 320,
    "height": 240,
    "byte_len": 1228800,
    "format": "RGBA32 raw bytes"
  },
  "depth": {
    "count": 204800,
    "byte_len": 819200,
    "format": "float32 meters (little-endian)"
  }
}