{
  "frame_index": 119,
  "ticks": 639082427615585250,
  "version": 1,
  "pose": {
    "position": [
      -0.056450746953487396,
      -0.3155664801597595,
      -0.3414275050163269
    ],
    "rotation_xyzw": [
      0.15516431629657745,
      -0.32088303565979004,
      0.09195917099714279,
      0.9297857880592346
    ]
  },
  "rgb": {
    "width": 320,
    "height": 240,
    "byte_len": 1228800,
    "format": "RGBA32 raw bytes"
  },
  "depth": {
    "count": 204800,
    "byte_len": 819200,
    "format": "float32 meters (little-endian)"
  }
}