{
  "frame_index": 8,
  "ticks": 639082426497664420,
  "version": 1,
  "pose": {
    "position": [
      0.2898010015487671,
      1.1193931102752686,
      -0.28519406914711
    ],
    "rotation_xyzw": [
      0.16424871981143951,
      0.43792301416397095,
      -0.03809567168354988,
      0.8830596208572388
    ]
  },
  "rgb": {
    "width": 320,
    "height": 240,
    "byte_len": 1228800,
    "format": "RGBA32 raw bytes"
  },
  "depth": {
    "count": 204800,
    "byte_len": 819200,
    "format": "float32 meters (little-endian)"
  }
}