{
  "frame_index": 92,
  "ticks": 639082427343918560,
  "version": 1,
  "pose": {
    "position": [
      -0.04379568248987198,
      -0.3182888925075531,
      -0.3193657398223877
    ],
    "rotation_xyzw": [
      0.1788543164730072,
      -0.2888137400150299,
      0.08636006712913513,
      0.9365572333335876
    ]
  },
  "rgb": {
    "width": 320,
    "height": 240,
    "byte_len": 1228800,
    "format": "RGBA32 raw bytes"
  },
  "depth": {
    "count": 204800,
    "byte_len": 819200,
    "format": "float32 meters (little-endian)"
  }
}