{
  "frame_index": 29,
  "ticks": 639082426709335110,
  "version": 1,
  "pose": {
    "position": [
      -0.04964756593108177,
      -0.33296236395835876,
      -0.32384437322616577
    ],
    "rotation_xyzw": [
      0.2282695770263672,
      -0.3256918787956238,
      0.10477142781019211,
      0.9115045666694641
    ]
  },
  "rgb": {
    "width": 320,
    "height": 240,
    "byte_len": 1228800,
    "format": "RGBA32 raw bytes"
  },
  "depth": {
    "count": 204800,
    "byte_len": 819200,
    "format": "float32 meters (little-endian)"
  }
}