{
  "frame_index": 102,
  "ticks": 639082427444474160,
  "version": 1,
  "pose": {
    "position": [
      -0.05577930063009262,
      -0.3207320272922516,
      -0.33923062682151794
    ],
    "rotation_xyzw": [
      0.17280450463294983,
      -0.32110172510147095,
      0.10295085608959198,
      0.9254369735717773
    ]
  },
  "rgb": {
    "width": 320,
    "height": 240,
    "byte_len": 1228800,
    "format": "RGBA32 raw bytes"
  },
  "depth": {
    "count": 204800,
    "byte_len": 819200,
    "format": "float32 meters (little-endian)"
  }
}