{
  "frame_index": 35,
  "ticks": 639088157730487330,
  "version": 1,
  "pose": {
    "position": [
      -0.13865455985069275,
      1.1826739311218262,
      0.47341689467430115
    ],
    "rotation_xyzw": [
      0.011785848066210747,
      0.019145658239722252,
      -0.04678289592266083,
      -0.998651921749115
    ]
  },
  "rgb": {
    "width": 640,
    "height": 480,
    "byte_len": 4915200,
    "format": "RGBA32 raw bytes"
  },
  "depth": {
    "count": 204800,
    "byte_len": 819200,
    "format": "float32 meters (little-endian)"
  }
}