{
  "frame_index": 28,
  "ticks": 639088157648403990,
  "version": 1,
  "pose": {
    "position": [
      -0.12231141328811646,
      1.1844736337661743,
      0.476887047290802
    ],
    "rotation_xyzw": [
      0.0058519430458545685,
      0.0036308306735008955,
      -0.035417068749666214,
      -0.9993489384651184
    ]
  },
  "rgb": {
    "width": 640,
    "height": 480,
    "byte_len": 4915200,
    "format": "RGBA32 raw bytes"
  },
  "depth": {
    "count": 204800,
    "byte_len": 819200,
    "format": "float32 meters (little-endian)"
  }
}