{
  "frame_index": 29,
  "ticks": 639088157661042870,
  "version": 1,
  "pose": {
    "position": [
      -0.12941770255565643,
      1.1815768480300903,
      0.4808969497680664
    ],
    "rotation_xyzw": [
      0.004417660180479288,
      0.010945413261651993,
      -0.039106182754039764,
      -0.9991653561592102
    ]
  },
  "rgb": {
    "width": 640,
    "height": 480,
    "byte_len": 4915200,
    "format": "RGBA32 raw bytes"
  },
  "depth": {
    "count": 204800,
    "byte_len": 819200,
    "format": "float32 meters (little-endian)"
  }
}