{
  "frame_index": 18,
  "ticks": 639088157474792860,
  "version": 1,
  "pose": {
    "position": [
      0.018383998423814774,
      1.1818593740463257,
      0.0030284300446510315
    ],
    "rotation_xyzw": [
      0.016325047239661217,
      -0.18746423721313477,
      -0.0051589347422122955,
      -0.9821223020553589
    ]
  },
  "rgb": {
    "width": 640,
    "height": 480,
    "byte_len": 4915200,
    "format": "RGBA32 raw bytes"
  },
  "depth": {
    "count": 204800,
    "byte_len": 819200,
    "format": "float32 meters (little-endian)"
  }
}