{
  "frame_index": 14,
  "ticks": 639088157428127360,
  "version": 1,
  "pose": {
    "position": [
      0.08950310945510864,
      1.1140971183776855,
      0.2859017252922058
    ],
    "rotation_xyzw": [
      -0.0889940932393074,
      -0.07472115755081177,
      0.01999233476817608,
      -0.9930243492126465
    ]
  },
  "rgb": {
    "width": 640,
    "height": 480,
    "byte_len": 4915200,
    "format": "RGBA32 raw bytes"
  },
  "depth": {
    "count": 204800,
    "byte_len": 819200,
    "format": "float32 meters (little-endian)"
  }
}