{
  "frame_index": 30,
  "ticks": 639088157673403980,
  "version": 1,
  "pose": {
    "position": [
      -0.134553462266922,
      1.179276466369629,
      0.4888908267021179
    ],
    "rotation_xyzw": [
      0.0038221320137381554,
      0.0227641761302948,
      -0.03921866789460182,
      -0.9989641308784485
    ]
  },
  "rgb": {
    "width": 640,
    "height": 480,
    "byte_len": 4915200,
    "format": "RGBA32 raw bytes"
  },
  "depth": {
    "count": 204800,
    "byte_len": 819200,
    "format": "float32 meters (little-endian)"
  }
}