{
  "frame_index": 11,
  "ticks": 639088157392292840,
  "version": 1,
  "pose": {
    "position": [
      0.25391125679016113,
      0.91872638463974,
      0.37921062111854553
    ],
    "rotation_xyzw": [
      -0.3437056839466095,
      -0.03938411548733711,
      0.08302993327379227,
      -0.9345702528953552
    ]
  },
  "rgb": {
    "width": 640,
    "height": 480,
    "byte_len": 4915200,
    "format": "RGBA32 raw bytes"
  },
  "depth": {
    "count": 204800,
    "byte_len": 819200,
    "format": "float32 meters (little-endian)"
  }
}