{
  "frame_index": 16,
  "ticks": 639088157453126380,
  "version": 1,
  "pose": {
    "position": [
      0.02691086381673813,
      1.175536870956421,
      0.12254557013511658
    ],
    "rotation_xyzw": [
      -0.006397776771336794,
      -0.07317214459180832,
      0.0016074664890766144,
      -0.9972975254058838
    ]
  },
  "rgb": {
    "width": 640,
    "height": 480,
    "byte_len": 4915200,
    "format": "RGBA32 raw bytes"
  },
  "depth": {
    "count": 204800,
    "byte_len": 819200,
    "format": "float32 meters (little-endian)"
  }
}