{
  "frame_index": 8,
  "ticks": 639088157352987250,
  "version": 1,
  "pose": {
    "position": [
      0.11962202936410904,
      0.9347574710845947,
      0.4326440989971161
    ],
    "rotation_xyzw": [
      -0.34719982743263245,
      -0.22263501584529877,
      0.08272626250982285,
      -0.9072168469429016
    ]
  },
  "rgb": {
    "width": 640,
    "height": 480,
    "byte_len": 4915200,
    "format": "RGBA32 raw bytes"
  },
  "depth": {
    "count": 204800,
    "byte_len": 819200,
    "format": "float32 meters (little-endian)"
  }
}