{
  "frame_index": 12,
  "ticks": 639088157403820840,
  "version": 1,
  "pose": {
    "position": [
      0.2566845417022705,
      0.9165620803833008,
      0.38143622875213623
    ],
    "rotation_xyzw": [
      -0.34334900975227356,
      -0.044860996305942535,
      0.07862554490566254,
      -0.9348352551460266
    ]
  },
  "rgb": {
    "width": 640,
    "height": 480,
    "byte_len": 4915200,
    "format": "RGBA32 raw bytes"
  },
  "depth": {
    "count": 204800,
    "byte_len": 819200,
    "format": "float32 meters (little-endian)"
  }
}