{
  "frame_index": 15,
  "ticks": 639088157441182710,
  "version": 1,
  "pose": {
    "position": [
      0.05099407956004143,
      1.156224250793457,
      0.2002629041671753
    ],
    "rotation_xyzw": [
      -0.03313490003347397,
      -0.06594881415367126,
      0.0005293618887662888,
      -0.9972726106643677
    ]
  },
  "rgb": {
    "width": 640,
    "height": 480,
    "byte_len": 4915200,
    "format": "RGBA32 raw bytes"
  },
  "depth": {
    "count": 204800,
    "byte_len": 819200,
    "format": "float32 meters (little-endian)"
  }
}