{
  "frame_index": 3,
  "ticks": 639088157292987280,
  "version": 1,
  "pose": {
    "position": [
      0.08619347959756851,
      1.1071131229400635,
      0.20177863538265228
    ],
    "rotation_xyzw": [
      -0.20407581329345703,
      -0.186125248670578,
      0.040867503732442856,
      -0.9602293372154236
    ]
  },
  "rgb": {
    "width": 640,
    "height": 480,
    "byte_len": 4915200,
    "format": "RGBA32 raw bytes"
  },
  "depth": {
    "count": 204800,
    "byte_len": 819200,
    "format": "float32 meters (little-endian)"
  }
}