{
  "frame_index": 5,
  "ticks": 639088157316599260,
  "version": 1,
  "pose": {
    "position": [
      0.060805320739746094,
      0.9524203538894653,
      0.4436490833759308
    ],
    "rotation_xyzw": [
      -0.3065018951892853,
      -0.3001376688480377,
      0.0662020891904831,
      -0.9008836150169373
    ]
  },
  "rgb": {
    "width": 640,
    "height": 480,
    "byte_len": 4915200,
    "format": "RGBA32 raw bytes"
  },
  "depth": {
    "count": 204800,
    "byte_len": 819200,
    "format": "float32 meters (little-endian)"
  }
}