{
  "frame_index": 13,
  "ticks": 639088157414515040,
  "version": 1,
  "pose": {
    "position": [
      0.19177775084972382,
      0.9813545942306519,
      0.3717564642429352
    ],
    "rotation_xyzw": [
      -0.29310810565948486,
      -0.130278080701828,
      0.04572335630655289,
      -0.9460574984550476
    ]
  },
  "rgb": {
    "width": 640,
    "height": 480,
    "byte_len": 4915200,
    "format": "RGBA32 raw bytes"
  },
  "depth": {
    "count": 204800,
    "byte_len": 819200,
    "format": "float32 meters (little-endian)"
  }
}