{
  "frame_index": 10,
  "ticks": 639088157376876490,
  "version": 1,
  "pose": {
    "position": [
      0.24757462739944458,
      0.9213606715202332,
      0.38006556034088135
    ],
    "rotation_xyzw": [
      -0.3445480465888977,
      -0.03972001373767853,
      0.09165777266025543,
      -0.933438777923584
    ]
  },
  "rgb": {
    "width": 640,
    "height": 480,
    "byte_len": 4915200,
    "format": "RGBA32 raw bytes"
  },
  "depth": {
    "count": 204800,
    "byte_len": 819200,
    "format": "float32 meters (little-endian)"
  }
}