{
  "frame_index": 21,
  "ticks": 639088157523542850,
  "version": 1,
  "pose": {
    "position": [
      -0.03485517576336861,
      1.169314980506897,
      0.06515281647443771
    ],
    "rotation_xyzw": [
      0.030646078288555145,
      -0.004375321324914694,
      0.0006308561423793435,
      -0.999520480632782
    ]
  },
  "rgb": {
    "width": 640,
    "height": 480,
    "byte_len": 4915200,
    "format": "RGBA32 raw bytes"
  },
  "depth": {
    "count": 204800,
    "byte_len": 819200,
    "format": "float32 meters (little-endian)"
  }
}