{
  "frame_index": 34,
  "ticks": 639088157718403980,
  "version": 1,
  "pose": {
    "position": [
      -0.13946177065372467,
      1.1794830560684204,
      0.48204588890075684
    ],
    "rotation_xyzw": [
      0.005957328248769045,
      0.026283983141183853,
      -0.044054336845874786,
      -0.9986656308174133
    ]
  },
  "rgb": {
    "width": 640,
    "height": 480,
    "byte_len": 4915200,
    "format": "RGBA32 raw bytes"
  },
  "depth": {
    "count": 204800,
    "byte_len": 819200,
    "format": "float32 meters (little-endian)"
  }
}