{
  "frame_index": 31,
  "ticks": 639088157684237320,
  "version": 1,
  "pose": {
    "position": [
      -0.13699029386043549,
      1.1757943630218506,
      0.49326419830322266
    ],
    "rotation_xyzw": [
      -0.0024607342202216387,
      0.032628513872623444,
      -0.038889482617378235,
      -0.9987075924873352
    ]
  },
  "rgb": {
    "width": 640,
    "height": 480,
    "byte_len": 4915200,
    "format": "RGBA32 raw bytes"
  },
  "depth": {
    "count": 204800,
    "byte_len": 819200,
    "format": "float32 meters (little-endian)"
  }
}