{
  "frame_index": 17,
  "ticks": 639088157463820610,
  "version": 1,
  "pose": {
    "position": [
      0.020663220435380936,
      1.1783454418182373,
      0.07958449423313141
    ],
    "rotation_xyzw": [
      -0.0005838783690705895,
      -0.08372683078050613,
      0.002659665886312723,
      -0.9964850544929504
    ]
  },
  "rgb": {
    "width": 640,
    "height": 480,
    "byte_len": 4915200,
    "format": "RGBA32 raw bytes"
  },
  "depth": {
    "count": 204800,
    "byte_len": 819200,
    "format": "float32 meters (little-endian)"
  }
}