{
  "frame_index": 25,
  "ticks": 639088157609237330,
  "version": 1,
  "pose": {
    "position": [
      -0.08149828016757965,
      1.1856900453567505,
      0.5026559233665466
    ],
    "rotation_xyzw": [
      -0.004259912762790918,
      -0.019844822585582733,
      -3.5305856727063656e-05,
      -0.9997940063476562
    ]
  },
  "rgb": {
    "width": 640,
    "height": 480,
    "byte_len": 4915200,
    "format": "RGBA32 raw bytes"
  },
  "depth": {
    "count": 204800,
    "byte_len": 819200,
    "format": "float32 meters (little-endian)"
  }
}