{
  "frame_index": 1,
  "ticks": 639088157281460250,
  "version": 1,
  "pose": {
    "position": [
      0.09200736880302429,
      1.1123533248901367,
      0.18835163116455078
    ],
    "rotation_xyzw": [
      -0.20395918190479279,
      -0.18765346705913544,
      0.046096526086330414,
      -0.9597197771072388
    ]
  },
  "rgb": {
    "width": 640,
    "height": 480,
    "byte_len": 4915200,
    "format": "RGBA32 raw bytes"
  },
  "depth": {
    "count": 0,
    "byte_len": 0,
    "format": "float32 meters (little-endian)"
  }
}