{
  "frame_index": 26,
  "ticks": 639088157622570670,
  "version": 1,
  "pose": {
    "position": [
      -0.09822061657905579,
      1.1900265216827393,
      0.4761098027229309
    ],
    "rotation_xyzw": [
      0.007176029961556196,
      -0.022539570927619934,
      -0.01890445500612259,
      -0.9995414018630981
    ]
  },
  "rgb": {
    "width": 640,
    "height": 480,
    "byte_len": 4915200,
    "format": "RGBA32 raw bytes"
  },
  "depth": {
    "count": 204800,
    "byte_len": 819200,
    "format": "float32 meters (little-endian)"
  }
}