{
  "frame_index": 2,
  "ticks": 639088157283126670,
  "version": 1,
  "pose": {
    "position": [
      0.08952595293521881,
      1.112293004989624,
      0.20008502900600433
    ],
    "rotation_xyzw": [
      -0.1972070336341858,
      -0.1862669736146927,
      0.04142030328512192,
      -0.9616124033927917
    ]
  },
  "rgb": {
    "width": 640,
    "height": 480,
    "byte_len": 4915200,
    "format": "RGBA32 raw bytes"
  },
  "depth": {
    "count": 0,
    "byte_len": 0,
    "format": "float32 meters (little-endian)"
  }
}