{
  "frame_index": 20,
  "ticks": 639088157502848420,
  "version": 1,
  "pose": {
    "position": [
      0.005813805386424065,
      1.1825180053710938,
      -0.033951885998249054
    ],
    "rotation_xyzw": [
      0.03775279223918915,
      -0.20537592470645905,
      -0.00277804397046566,
      -0.9779508709907532
    ]
  },
  "rgb": {
    "width": 640,
    "height": 480,
    "byte_len": 4915200,
    "format": "RGBA32 raw bytes"
  },
  "depth": {
    "count": 204800,
    "byte_len": 819200,
    "format": "float32 meters (little-endian)"
  }
}