{
  "frame_index": 23,
  "ticks": 639088157579515100,
  "version": 1,
  "pose": {
    "position": [
      -0.06674091517925262,
      1.183849573135376,
      0.3912065029144287
    ],
    "rotation_xyzw": [
      -0.03221108764410019,
      -0.004565294366329908,
      0.002295120619237423,
      -0.9994681477546692
    ]
  },
  "rgb": {
    "width": 640,
    "height": 480,
    "byte_len": 4915200,
    "format": "RGBA32 raw bytes"
  },
  "depth": {
    "count": 204800,
    "byte_len": 819200,
    "format": "float32 meters (little-endian)"
  }
}