{
  "frame_index": 9,
  "ticks": 639088157363544010,
  "version": 1,
  "pose": {
    "position": [
      0.2091323286294937,
      0.9361321330070496,
      0.39181241393089294
    ],
    "rotation_xyzw": [
      -0.34450477361679077,
      -0.07904133200645447,
      0.09476150572299957,
      -0.9306391477584839
    ]
  },
  "rgb": {
    "width": 640,
    "height": 480,
    "byte_len": 4915200,
    "format": "RGBA32 raw bytes"
  },
  "depth": {
    "count": 204800,
    "byte_len": 819200,
    "format": "float32 meters (little-endian)"
  }
}