{
  "frame_index": 7,
  "ticks": 639088157339515030,
  "version": 1,
  "pose": {
    "position": [
      0.0566386952996254,
      0.9076764583587646,
      0.47081950306892395
    ],
    "rotation_xyzw": [
      -0.3375941514968872,
      -0.31639859080314636,
      0.07005949318408966,
      -0.8837498426437378
    ]
  },
  "rgb": {
    "width": 640,
    "height": 480,
    "byte_len": 4915200,
    "format": "RGBA32 raw bytes"
  },
  "depth": {
    "count": 204800,
    "byte_len": 819200,
    "format": "float32 meters (little-endian)"
  }
}