{
  "frame_index": 27,
  "ticks": 639088157635070650,
  "version": 1,
  "pose": {
    "position": [
      -0.11519507318735123,
      1.187016248703003,
      0.47279900312423706
    ],
    "rotation_xyzw": [
      0.007423693779855967,
      -0.004772617947310209,
      -0.033323802053928375,
      -0.9994056820869446
    ]
  },
  "rgb": {
    "width": 640,
    "height": 480,
    "byte_len": 4915200,
    "format": "RGBA32 raw bytes"
  },
  "depth": {
    "count": 204800,
    "byte_len": 819200,
    "format": "float32 meters (little-endian)"
  }
}