{
  "frame_index": 6,
  "ticks": 639088157329237430,
  "version": 1,
  "pose": {
    "position": [
      0.052200909703969955,
      0.928507924079895,
      0.46171504259109497
    ],
    "rotation_xyzw": [
      -0.3104115426540375,
      -0.3250775635242462,
      0.07268941402435303,
      -0.8903288841247559
    ]
  },
  "rgb": {
    "width": 640,
    "height": 480,
    "byte_len": 4915200,
    "format": "RGBA32 raw bytes"
  },
  "depth": {
    "count": 204800,
    "byte_len": 819200,
    "format": "float32 meters (little-endian)"
  }
}