{
  "frame_index": 22,
  "ticks": 639088157561598390,
  "version": 1,
  "pose": {
    "position": [
      -0.04704417660832405,
      1.1707735061645508,
      0.14835140109062195
    ],
    "rotation_xyzw": [
      -0.02799796126782894,
      -0.0057924226857721806,
      0.0018382067792117596,
      -0.9995895624160767
    ]
  },
  "rgb": {
    "width": 640,
    "height": 480,
    "byte_len": 4915200,
    "format": "RGBA32 raw bytes"
  },
  "depth": {
    "count": 204800,
    "byte_len": 819200,
    "format": "float32 meters (little-endian)"
  }
}