{
  "frame_index": 33,
  "ticks": 639088157706598410,
  "version": 1,
  "pose": {
    "position": [
      -0.13992035388946533,
      1.1762999296188354,
      0.49078425765037537
    ],
    "rotation_xyzw": [
      0.0008634115220047534,
      0.035111863166093826,
      -0.040257446467876434,
      -0.9985718727111816
    ]
  },
  "rgb": {
    "width": 640,
    "height": 480,
    "byte_len": 4915200,
    "format": "RGBA32 raw bytes"
  },
  "depth": {
    "count": 204800,
    "byte_len": 819200,
    "format": "float32 meters (little-endian)"
  }
}