{
  "frame_index": 24,
  "ticks": 639088157596320670,
  "version": 1,
  "pose": {
    "position": [
      -0.056717753410339355,
      1.1932822465896606,
      0.4714428782463074
    ],
    "rotation_xyzw": [
      -0.004142321180552244,
      -0.015083546750247478,
      0.011889398097991943,
      -0.9998070001602173
    ]
  },
  "rgb": {
    "width": 640,
    "height": 480,
    "byte_len": 4915200,
    "format": "RGBA32 raw bytes"
  },
  "depth": {
    "count": 204800,
    "byte_len": 819200,
    "format": "float32 meters (little-endian)"
  }
}