{
  "frame_index": 32,
  "ticks": 639088157696598430,
  "version": 1,
  "pose": {
    "position": [
      -0.138163223862648,
      1.1755846738815308,
      0.4922861158847809
    ],
    "rotation_xyzw": [
      -0.0018765588756650686,
      0.03269614651799202,
      -0.03964744135737419,
      -0.9986768960952759
    ]
  },
  "rgb": {
    "width": 640,
    "height": 480,
    "byte_len": 4915200,
    "format": "RGBA32 raw bytes"
  },
  "depth": {
    "count": 204800,
    "byte_len": 819200,
    "format": "float32 meters (little-endian)"
  }
}