{
  "frame_index": 19,
  "ticks": 639088157488265230,
  "version": 1,
  "pose": {
    "position": [
      0.011585619300603867,
      1.1822046041488647,
      -0.010743722319602966
    ],
    "rotation_xyzw": [
      0.024987125769257545,
      -0.1950068473815918,
      -0.0022153574973344803,
      -0.9804811477661133
    ]
  },
  "rgb": {
    "width": 640,
    "height": 480,
    "byte_len": 4915200,
    "format": "RGBA32 raw bytes"
  },
  "depth": {
    "count": 204800,
    "byte_len": 819200,
    "format": "float32 meters (little-endian)"
  }
}