{
  "frame_index": 4,
  "ticks": 639088157302015120,
  "version": 1,
  "pose": {
    "position": [
      0.11432129144668579,
      1.0094830989837646,
      0.3577214181423187
    ],
    "rotation_xyzw": [
      -0.2998523414134979,
      -0.20277974009513855,
      0.05011492595076561,
      -0.930837094783783
    ]
  },
  "rgb": {
    "width": 640,
    "height": 480,
    "byte_len": 4915200,
    "format": "RGBA32 raw bytes"
  },
  "depth": {
    "count": 204800,
    "byte_len": 819200,
    "format": "float32 meters (little-endian)"
  }
}